Player Id,Name,Position,Year,Team,Games Played,Returns,Yards Returned,Yards Per Return,Longest Return,Returns for TDs,Returns Longer than 20 Yards,Returns Longer than 40 Yards,Fair Catches,Fumbles
jamalagnew/2558821,"Agnew, Jamal",CB,2017,Detroit Lions,13,29,447,15.4,88T,2,6,2,16,3
d.j.alexander/2553442,"Alexander, D.J.",LB,2017,Seattle Seahawks,12,--,--,--,--,--,--,--,--,--
d.j.alexander/2553442,"Alexander, D.J.",LB,2016,Kansas City Chiefs,16,1,0,0.0,0,0,0,0,0,0
d.j.alexander/2553442,"Alexander, D.J.",LB,2015,Kansas City Chiefs,16,--,--,--,--,--,--,--,--,--
robertalford/2539653,"Alford, Robert",DB,2017,Atlanta Falcons,16,--,--,--,--,--,--,--,--,--
robertalford/2539653,"Alford, Robert",DB,2016,Atlanta Falcons,16,--,--,--,--,--,--,--,--,--
robertalford/2539653,"Alford, Robert",DB,2015,Atlanta Falcons,15,--,--,--,--,--,--,--,--,--
robertalford/2539653,"Alford, Robert",DB,2014,Atlanta Falcons,10,--,--,--,--,--,--,--,--,--
robertalford/2539653,"Alford, Robert",DB,2013,Atlanta Falcons,16,1,0,0.0,0,0,0,0,1,1
keenanallen/2540154,"Allen, Keenan",WR,2017,Los Angeles Chargers,16,--,--,--,--,--,--,--,--,--
keenanallen/2540154,"Allen, Keenan",WR,2016,San Diego Chargers,1,--,--,--,--,--,--,--,--,--
keenanallen/2540154,"Allen, Keenan",WR,2015,San Diego Chargers,8,3,5,1.7,5,0,0,0,4,1
keenanallen/2540154,"Allen, Keenan",WR,2014,San Diego Chargers,14,11,99,9.0,29,0,1,0,11,1
keenanallen/2540154,"Allen, Keenan",WR,2013,San Diego Chargers,15,15,125,8.3,28,0,3,0,13,1
geronimoallison/2556460,"Allison, Geronimo",WR,2017,Green Bay Packers,15,1,0,0.0,0,0,0,0,0,1
geronimoallison/2556460,"Allison, Geronimo",WR,2016,Green Bay Packers,10,--,--,--,--,--,--,--,--,--
dannyamendola/2649,"Amendola, Danny",WR,2017,New England Patriots,15,27,231,8.6,40,0,3,1,18,1
dannyamendola/2649,"Amendola, Danny",WR,2016,New England Patriots,12,18,121,6.7,30,0,1,0,7,2
dannyamendola/2649,"Amendola, Danny",WR,2015,New England Patriots,14,23,276,12.0,82,0,5,1,12,1
dannyamendola/2649,"Amendola, Danny",WR,2014,New England Patriots,16,16,132,8.3,39,0,2,0,5,0
dannyamendola/2649,"Amendola, Danny",WR,2013,New England Patriots,12,1,13,13.0,13,0,0,0,0,0
dannyamendola/2649,"Amendola, Danny",WR,2012,St. Louis Rams,11,17,122,7.2,22,0,1,0,10,1
dannyamendola/2649,"Amendola, Danny",WR,2011,St. Louis Rams,1,1,0,0.0,0,0,0,0,0,1
dannyamendola/2649,"Amendola, Danny",WR,2010,St. Louis Rams,16,40,452,11.3,42,0,7,2,18,0
dannyamendola/2649,"Amendola, Danny",WR,2009,St. Louis Rams,14,31,360,11.6,56,0,5,1,11,3
tavonaustin/2539336,"Austin, Tavon",RB,2017,Los Angeles Rams,16,12,53,4.4,12,0,0,0,1,4
tavonaustin/2539336,"Austin, Tavon",RB,2016,Los Angeles Rams,15,44,364,8.3,47,0,4,1,16,3
tavonaustin/2539336,"Austin, Tavon",RB,2015,St. Louis Rams,16,34,268,7.9,75T,1,4,1,15,2
tavonaustin/2539336,"Austin, Tavon",RB,2014,St. Louis Rams,15,35,391,11.2,78T,1,6,2,23,5
tavonaustin/2539336,"Austin, Tavon",RB,2013,St. Louis Rams,13,33,280,8.5,98T,1,4,1,11,3
dougbaldwin/2530747,"Baldwin, Doug",WR,2017,Seattle Seahawks,16,--,--,--,--,--,--,--,--,--
dougbaldwin/2530747,"Baldwin, Doug",WR,2016,Seattle Seahawks,16,--,--,--,--,--,--,--,--,--
dougbaldwin/2530747,"Baldwin, Doug",WR,2015,Seattle Seahawks,16,--,--,--,--,--,--,--,--,--
dougbaldwin/2530747,"Baldwin, Doug",WR,2014,Seattle Seahawks,16,6,42,7.0,38,0,1,0,4,0
dougbaldwin/2530747,"Baldwin, Doug",WR,2013,Seattle Seahawks,16,--,--,--,--,--,--,--,--,--
dougbaldwin/2530747,"Baldwin, Doug",WR,2012,Seattle Seahawks,14,--,--,--,--,--,--,--,--,--
dougbaldwin/2530747,"Baldwin, Doug",WR,2011,Seattle Seahawks,16,--,--,--,--,--,--,--,--,--
kenjonbarner/2539289,"Barner, Kenjon",RB,2017,Philadelphia Eagles,13,27,240,8.9,76,0,2,1,15,3
kenjonbarner/2539289,"Barner, Kenjon",RB,2016,Philadelphia Eagles,13,2,22,11.0,22,0,1,0,0,0
kenjonbarner/2539289,"Barner, Kenjon",RB,2015,Philadelphia Eagles,10,1,-3,-3.0,-3,0,0,0,0,0
kenjonbarner/2539289,"Barner, Kenjon",RB,2013,Carolina Panthers,8,--,--,--,--,--,--,--,--,--
darenbates/2541539,"Bates, Daren",LB,2017,Tennessee Titans,16,--,--,--,--,--,--,--,--,--
darenbates/2541539,"Bates, Daren",LB,2016,Oakland Raiders,16,--,--,--,--,--,--,--,--,--
darenbates/2541539,"Bates, Daren",LB,2015,St. Louis Rams,15,1,0,0.0,0,0,0,0,0,0
darenbates/2541539,"Bates, Daren",LB,2014,St. Louis Rams,14,--,--,--,--,--,--,--,--,--
darenbates/2541539,"Bates, Daren",LB,2013,St. Louis Rams,15,--,--,--,--,--,--,--,--,--
colebeasley/2535698,"Beasley, Cole",WR,2017,Dallas Cowboys,15,2,19,9.5,15,0,0,0,5,0
colebeasley/2535698,"Beasley, Cole",WR,2016,Dallas Cowboys,16,3,3,1.0,3,0,0,0,9,0
colebeasley/2535698,"Beasley, Cole",WR,2015,Dallas Cowboys,16,12,69,5.8,22,0,1,0,17,1
colebeasley/2535698,"Beasley, Cole",WR,2014,Dallas Cowboys,16,--,--,--,--,--,--,--,--,--
colebeasley/2535698,"Beasley, Cole",WR,2013,Dallas Cowboys,14,10,68,6.8,14,0,0,0,3,0
colebeasley/2535698,"Beasley, Cole",WR,2012,Dallas Cowboys,10,--,--,--,--,--,--,--,--,--
odellbeckham/2543496,"Beckham, Odell",WR,2017,New York Giants,4,--,--,--,--,--,--,--,--,--
odellbeckham/2543496,"Beckham, Odell",WR,2016,New York Giants,16,10,66,6.6,19,0,0,0,6,1
odellbeckham/2543496,"Beckham, Odell",WR,2015,New York Giants,15,2,26,13.0,21,0,1,0,2,0
odellbeckham/2543496,"Beckham, Odell",WR,2014,New York Giants,12,21,171,8.1,25,0,3,0,11,1
travisbenjamin/2532790,"Benjamin, Travis",WR,2017,Los Angeles Chargers,16,27,257,9.5,65T,1,4,2,25,2
travisbenjamin/2532790,"Benjamin, Travis",WR,2016,San Diego Chargers,14,9,59,6.6,18,0,0,0,0,2
travisbenjamin/2532790,"Benjamin, Travis",WR,2015,Cleveland Browns,16,28,324,11.6,78T,1,4,1,10,2
travisbenjamin/2532790,"Benjamin, Travis",WR,2014,Cleveland Browns,16,15,127,8.5,37,0,2,0,8,2
travisbenjamin/2532790,"Benjamin, Travis",WR,2013,Cleveland Browns,8,22,257,11.7,79T,1,4,2,7,2
travisbenjamin/2532790,"Benjamin, Travis",WR,2012,Cleveland Browns,14,3,149,49.7,93T,1,2,2,1,0
victorbolden/2558912,"Bolden, Victor",WR,2017,San Francisco 49ers,9,4,23,5.8,16,0,0,0,1,0
quanbray/2553467,"Bray, Quan",WR,2017,Indianapolis Colts,9,17,90,5.3,20,0,1,0,8,0
quanbray/2553467,"Bray, Quan",WR,2016,Indianapolis Colts,6,7,58,8.3,20,0,1,0,8,0
quanbray/2553467,"Bray, Quan",WR,2015,Indianapolis Colts,9,21,166,7.9,33,0,2,0,7,0
antoniobrown/2508061,"Brown, Antonio",WR,2017,Pittsburgh Steelers,14,11,61,5.5,16,0,0,0,10,1
antoniobrown/2508061,"Brown, Antonio",WR,2016,Pittsburgh Steelers,15,15,140,9.3,33,0,2,0,15,0
antoniobrown/2508061,"Brown, Antonio",WR,2015,Pittsburgh Steelers,16,22,212,9.6,71T,1,2,1,13,2
antoniobrown/2508061,"Brown, Antonio",WR,2014,Pittsburgh Steelers,16,30,319,10.6,71T,1,3,1,16,1
antoniobrown/2508061,"Brown, Antonio",WR,2013,Pittsburgh Steelers,16,32,409,12.8,67T,1,7,5,23,1
antoniobrown/2508061,"Brown, Antonio",WR,2012,Pittsburgh Steelers,13,27,183,6.8,29,0,4,0,8,2
antoniobrown/2508061,"Brown, Antonio",WR,2011,Pittsburgh Steelers,16,30,325,10.8,60T,1,6,2,26,0
antoniobrown/2508061,"Brown, Antonio",WR,2010,Pittsburgh Steelers,9,19,110,5.8,21,0,2,0,1,1
coreybrown/2550546,"Brown, Corey",WR,2016,Carolina Panthers,16,--,--,--,--,--,--,--,--,--
coreybrown/2550546,"Brown, Corey",WR,2015,Carolina Panthers,14,--,--,--,--,--,--,--,--,--
coreybrown/2550546,"Brown, Corey",WR,2014,Carolina Panthers,13,16,153,9.6,79T,1,2,1,6,3
donatellobrown/2558919,"Brown, Donatello",CB,2017,Green Bay Packers,4,1,0,0.0,0,0,0,0,0,1
johnbrown/2543847,"Brown, John",WR,2017,Arizona Cardinals,10,--,--,--,--,--,--,--,--,--
johnbrown/2543847,"Brown, John",WR,2016,Arizona Cardinals,15,17,119,7.0,32,0,1,0,11,1
johnbrown/2543847,"Brown, John",WR,2015,Arizona Cardinals,15,--,--,--,--,--,--,--,--,--
johnbrown/2543847,"Brown, John",WR,2014,Arizona Cardinals,16,--,--,--,--,--,--,--,--,--
aaronburbridge/2555362,"Burbridge, Aaron",WR,2016,San Francisco 49ers,16,1,0,0.0,0,0,0,0,0,1
damierebyrd/2553499,"Byrd, Damiere",WR,2017,Carolina Panthers,8,1,9,9.0,9,0,0,0,0,0
damierebyrd/2553499,"Byrd, Damiere",WR,2016,Carolina Panthers,1,--,--,--,--,--,--,--,--,--
travariscadet/2535890,"Cadet, Travaris",RB,2017,Buffalo Bills,6,--,--,--,--,--,--,--,--,--
travariscadet/2535890,"Cadet, Travaris",RB,2017,New York Jets,3,--,--,--,--,--,--,--,--,--
travariscadet/2535890,"Cadet, Travaris",RB,2016,New Orleans Saints,15,--,--,--,--,--,--,--,--,--
travariscadet/2535890,"Cadet, Travaris",RB,2015,New Orleans Saints,2,1,1,1.0,1,0,0,0,1,0
travariscadet/2535890,"Cadet, Travaris",RB,2015,San Francisco 49ers,4,--,--,--,--,--,--,--,--,--
travariscadet/2535890,"Cadet, Travaris",RB,2015,New England Patriots,1,--,--,--,--,--,--,--,--,--
travariscadet/2535890,"Cadet, Travaris",RB,2014,New Orleans Saints,15,0,0,--,--,0,0,0,1,0
travariscadet/2535890,"Cadet, Travaris",RB,2013,New Orleans Saints,13,1,0,0.0,0,0,0,0,1,0
travariscadet/2535890,"Cadet, Travaris",RB,2012,New Orleans Saints,13,1,2,2.0,2,0,0,0,2,0
brycecallahan/2553500,"Callahan, Bryce",CB,2017,Chicago Bears,12,1,59,59.0,59T,1,1,1,0,0
brycecallahan/2553500,"Callahan, Bryce",CB,2016,Chicago Bears,11,1,3,3.0,3,0,0,0,8,0
brycecallahan/2553500,"Callahan, Bryce",CB,2015,Chicago Bears,9,1,34,34.0,34,0,1,0,0,0
michaelcampanaro/2550163,"Campanaro, Michael",WR,2017,Baltimore Ravens,13,27,291,10.8,77T,1,2,1,18,4
michaelcampanaro/2550163,"Campanaro, Michael",WR,2016,Baltimore Ravens,3,5,63,12.6,17,0,0,0,3,0
michaelcampanaro/2550163,"Campanaro, Michael",WR,2015,Baltimore Ravens,4,3,49,16.3,21,0,1,0,3,0
michaelcampanaro/2550163,"Campanaro, Michael",WR,2014,Baltimore Ravens,4,2,17,8.5,9,0,0,0,1,0
t.j.carrie/2550164,"Carrie, T.J.",DB,2017,Oakland Raiders,16,0,0,--,--,0,0,0,8,0
t.j.carrie/2550164,"Carrie, T.J.",DB,2016,Oakland Raiders,16,7,74,10.6,18,0,0,0,8,0
t.j.carrie/2550164,"Carrie, T.J.",DB,2015,Oakland Raiders,15,19,118,6.2,22,0,1,0,2,0
t.j.carrie/2550164,"Carrie, T.J.",DB,2014,Oakland Raiders,13,26,195,7.5,27,0,2,0,11,1
patrickchung/71251,"Chung, Patrick",SAF,2017,New England Patriots,16,1,0,0.0,0,0,0,0,3,0
patrickchung/71251,"Chung, Patrick",SAF,2016,New England Patriots,16,1,7,7.0,7,0,0,0,1,0
patrickchung/71251,"Chung, Patrick",SAF,2015,New England Patriots,15,1,4,4.0,4,0,0,0,0,0
patrickchung/71251,"Chung, Patrick",SAF,2014,New England Patriots,16,--,--,--,--,--,--,--,--,--
patrickchung/71251,"Chung, Patrick",SAF,2013,Philadelphia Eagles,12,--,--,--,--,--,--,--,--,--
patrickchung/71251,"Chung, Patrick",SAF,2012,New England Patriots,12,--,--,--,--,--,--,--,--,--
patrickchung/71251,"Chung, Patrick",SAF,2011,New England Patriots,8,--,--,--,--,--,--,--,--,--
patrickchung/71251,"Chung, Patrick",SAF,2010,New England Patriots,14,--,--,--,--,--,--,--,--,--
patrickchung/71251,"Chung, Patrick",SAF,2009,New England Patriots,16,--,--,--,--,--,--,--,--,--
kaelinclay/2552651,"Clay, Kaelin",WR,2017,Carolina Panthers,9,17,147,8.6,60T,1,1,1,8,2
kaelinclay/2552651,"Clay, Kaelin",WR,2017,Buffalo Bills,4,2,2,1.0,2,0,0,0,1,1
kaelinclay/2552651,"Clay, Kaelin",WR,2015,Baltimore Ravens,7,23,244,10.6,82T,1,2,1,3,0
hahaclinton-dix/2543470,"Clinton-Dix, Ha Ha",DB,2017,Green Bay Packers,16,--,--,--,--,--,--,--,--,--
hahaclinton-dix/2543470,"Clinton-Dix, Ha Ha",DB,2016,Green Bay Packers,16,--,--,--,--,--,--,--,--,--
hahaclinton-dix/2543470,"Clinton-Dix, Ha Ha",DB,2015,Green Bay Packers,16,--,--,--,--,--,--,--,--,--
hahaclinton-dix/2543470,"Clinton-Dix, Ha Ha",DB,2014,Green Bay Packers,16,1,0,0.0,0,0,0,0,0,0
randallcobb/2495448,"Cobb, Randall",WR,2017,Green Bay Packers,15,--,--,--,--,--,--,--,--,--
randallcobb/2495448,"Cobb, Randall",WR,2016,Green Bay Packers,13,4,54,13.5,23,0,2,0,4,1
randallcobb/2495448,"Cobb, Randall",WR,2015,Green Bay Packers,16,4,10,2.5,10,0,0,0,4,1
randallcobb/2495448,"Cobb, Randall",WR,2014,Green Bay Packers,16,14,112,8.0,24,0,2,0,9,1
randallcobb/2495448,"Cobb, Randall",WR,2013,Green Bay Packers,6,3,23,7.7,16,0,0,0,5,0
randallcobb/2495448,"Cobb, Randall",WR,2012,Green Bay Packers,15,31,292,9.4,75T,1,2,1,21,3
randallcobb/2495448,"Cobb, Randall",WR,2011,Green Bay Packers,15,26,295,11.3,80T,1,3,3,18,2
tarikcohen/2558250,"Cohen, Tarik",RB,2017,Chicago Bears,16,29,272,9.4,61T,1,3,1,15,1
brandincooks/2543498,"Cooks, Brandin",WR,2017,New England Patriots,16,--,--,--,--,--,--,--,--,--
brandincooks/2543498,"Cooks, Brandin",WR,2016,New Orleans Saints,16,1,2,2.0,2,0,0,0,0,0
brandincooks/2543498,"Cooks, Brandin",WR,2015,New Orleans Saints,16,2,12,6.0,6,0,0,0,0,0
brandincooks/2543498,"Cooks, Brandin",WR,2014,New Orleans Saints,10,10,35,3.5,15,0,0,0,15,1
amaricooper/2552487,"Cooper, Amari",WR,2017,Oakland Raiders,14,--,--,--,--,--,--,--,--,--
amaricooper/2552487,"Cooper, Amari",WR,2016,Oakland Raiders,16,--,--,--,--,--,--,--,--,--
amaricooper/2552487,"Cooper, Amari",WR,2015,Oakland Raiders,16,8,41,5.1,18,0,0,0,0,0
marcuscooper/2541202,"Cooper, Marcus",DB,2017,Chicago Bears,15,--,--,--,--,--,--,--,--,--
marcuscooper/2541202,"Cooper, Marcus",DB,2016,Arizona Cardinals,15,--,--,--,--,--,--,--,--,--
marcuscooper/2541202,"Cooper, Marcus",DB,2015,Kansas City Chiefs,10,--,--,--,--,--,--,--,--,--
marcuscooper/2541202,"Cooper, Marcus",DB,2014,Kansas City Chiefs,13,1,0,0.0,0,0,0,0,0,1
marcuscooper/2541202,"Cooper, Marcus",DB,2013,Kansas City Chiefs,16,--,--,--,--,--,--,--,--,--
pharohcooper/2555419,"Cooper, Pharoh",WR,2017,Los Angeles Rams,16,32,399,12.5,53,0,8,2,8,2
pharohcooper/2555419,"Cooper, Pharoh",WR,2016,Los Angeles Rams,10,5,5,1.0,6,0,0,0,3,0
jackcrawford/2532992,"Crawford, Jack",DE,2017,Atlanta Falcons,4,--,--,--,--,--,--,--,--,--
jackcrawford/2532992,"Crawford, Jack",DE,2016,Dallas Cowboys,16,--,--,--,--,--,--,--,--,--
jackcrawford/2532992,"Crawford, Jack",DE,2015,Dallas Cowboys,16,--,--,--,--,--,--,--,--,--
jackcrawford/2532992,"Crawford, Jack",DE,2014,Dallas Cowboys,6,--,--,--,--,--,--,--,--,--
jackcrawford/2532992,"Crawford, Jack",DE,2013,Oakland Raiders,15,1,-1,-1.0,-1,0,0,0,0,0
jackcrawford/2532992,"Crawford, Jack",DE,2012,Oakland Raiders,4,--,--,--,--,--,--,--,--,--
jamisoncrowder/2552415,"Crowder, Jamison",WR,2017,Washington Redskins,15,27,171,6.3,29,0,1,0,21,5
jamisoncrowder/2552415,"Crowder, Jamison",WR,2016,Washington Redskins,16,27,328,12.1,85T,1,4,2,15,0
jamisoncrowder/2552415,"Crowder, Jamison",WR,2015,Washington Redskins,16,30,158,5.3,16,0,0,0,16,2
codydavis/2541135,"Davis, Cody",DB,2017,Los Angeles Rams,7,--,--,--,--,--,--,--,--,--
codydavis/2541135,"Davis, Cody",DB,2016,Los Angeles Rams,15,--,--,--,--,--,--,--,--,--
codydavis/2541135,"Davis, Cody",DB,2015,St. Louis Rams,16,1,4,4.0,4,0,0,0,0,1
codydavis/2541135,"Davis, Cody",DB,2014,St. Louis Rams,15,--,--,--,--,--,--,--,--,--
codydavis/2541135,"Davis, Cody",DB,2013,St. Louis Rams,12,--,--,--,--,--,--,--,--,--
trevordavis/2555413,"Davis, Trevor",WR,2017,Green Bay Packers,16,24,289,12.0,65,0,3,1,22,0
trevordavis/2555413,"Davis, Trevor",WR,2016,Green Bay Packers,11,9,115,12.8,55,0,2,1,11,2
ericdecker/497284,"Decker, Eric",WR,2017,Tennessee Titans,16,--,--,--,--,--,--,--,--,--
ericdecker/497284,"Decker, Eric",WR,2016,New York Jets,3,--,--,--,--,--,--,--,--,--
ericdecker/497284,"Decker, Eric",WR,2015,New York Jets,15,1,11,11.0,11,0,0,0,3,0
ericdecker/497284,"Decker, Eric",WR,2014,New York Jets,15,--,--,--,--,--,--,--,--,--
ericdecker/497284,"Decker, Eric",WR,2013,Denver Broncos,16,1,2,2.0,2,0,0,0,2,0
ericdecker/497284,"Decker, Eric",WR,2012,Denver Broncos,16,2,22,11.0,13,0,0,0,0,0
ericdecker/497284,"Decker, Eric",WR,2011,Denver Broncos,16,6,133,22.2,90T,1,1,1,1,0
ericdecker/497284,"Decker, Eric",WR,2010,Denver Broncos,14,--,--,--,--,--,--,--,--,--
darquezedennard/2543474,"Dennard, Darqueze",DB,2017,Cincinnati Bengals,16,1,0,0.0,0,0,0,0,0,1
darquezedennard/2543474,"Dennard, Darqueze",DB,2016,Cincinnati Bengals,15,--,--,--,--,--,--,--,--,--
darquezedennard/2543474,"Dennard, Darqueze",DB,2015,Cincinnati Bengals,10,--,--,--,--,--,--,--,--,--
darquezedennard/2543474,"Dennard, Darqueze",DB,2014,Cincinnati Bengals,14,--,--,--,--,--,--,--,--,--
stefondiggs/2552608,"Diggs, Stefon",WR,2017,Minnesota Vikings,14,--,--,--,--,--,--,--,--,--
stefondiggs/2552608,"Diggs, Stefon",WR,2016,Minnesota Vikings,13,6,45,7.5,19,0,0,0,1,0
stefondiggs/2552608,"Diggs, Stefon",WR,2015,Minnesota Vikings,13,--,--,--,--,--,--,--,--,--
phillipdorsett/2552424,"Dorsett, Phillip",WR,2017,New England Patriots,15,--,--,--,--,--,--,--,--,--
phillipdorsett/2552424,"Dorsett, Phillip",WR,2016,Indianapolis Colts,15,0,0,--,--,0,0,0,1,0
phillipdorsett/2552424,"Dorsett, Phillip",WR,2015,Indianapolis Colts,11,2,1,0.5,1,0,0,0,1,2
quintondunbar/2553796,"Dunbar, Quinton",CB,2017,Washington Redskins,15,--,--,--,--,--,--,--,--,--
quintondunbar/2553796,"Dunbar, Quinton",CB,2016,Washington Redskins,14,1,0,0.0,0,0,0,0,0,1
quintondunbar/2553796,"Dunbar, Quinton",CB,2015,Washington Redskins,11,--,--,--,--,--,--,--,--,--
julianedelman/238498,"Edelman, Julian",WR,2016,New England Patriots,16,15,135,9.0,23,0,1,0,7,1
julianedelman/238498,"Edelman, Julian",WR,2015,New England Patriots,9,10,81,8.1,19,0,0,0,1,0
julianedelman/238498,"Edelman, Julian",WR,2014,New England Patriots,14,25,299,12.0,84T,1,4,2,6,1
julianedelman/238498,"Edelman, Julian",WR,2013,New England Patriots,16,35,374,10.7,43,0,4,1,23,5
julianedelman/238498,"Edelman, Julian",WR,2012,New England Patriots,9,17,263,15.5,68T,1,4,2,1,0
julianedelman/238498,"Edelman, Julian",WR,2011,New England Patriots,13,28,296,10.6,72T,1,1,1,7,3
julianedelman/238498,"Edelman, Julian",WR,2010,New England Patriots,15,21,321,15.3,94T,1,4,2,6,1
julianedelman/238498,"Edelman, Julian",WR,2009,New England Patriots,11,6,63,10.5,35,0,1,0,1,0
bruceellington/2543646,"Ellington, Bruce",WR,2017,Houston Texans,11,5,47,9.4,21,0,1,0,4,0
bruceellington/2543646,"Ellington, Bruce",WR,2015,San Francisco 49ers,13,19,137,7.2,36,0,2,0,17,1
bruceellington/2543646,"Ellington, Bruce",WR,2014,San Francisco 49ers,13,23,188,8.2,23,0,3,0,12,1
alexerickson/2556519,"Erickson, Alex",WR,2017,Cincinnati Bengals,16,39,278,7.1,29,0,3,0,19,4
alexerickson/2556519,"Erickson, Alex",WR,2016,Cincinnati Bengals,16,28,195,7.0,24,0,1,0,19,3
tylerervin/2555234,"Ervin, Tyler",RB,2017,Houston Texans,4,8,60,7.5,21,0,1,0,4,0
tylerervin/2555234,"Ervin, Tyler",RB,2016,Houston Texans,12,27,261,9.7,57,0,1,1,23,1
marwinevans/2556800,"Evans, Marwin",SAF,2017,Green Bay Packers,16,--,--,--,--,--,--,--,--,--
marwinevans/2556800,"Evans, Marwin",SAF,2016,Green Bay Packers,16,1,0,0.0,0,0,0,0,0,0
joshferguson/2556411,"Ferguson, Josh",RB,2017,Indianapolis Colts,10,--,--,--,--,--,--,--,--,--
joshferguson/2556411,"Ferguson, Josh",RB,2016,Indianapolis Colts,16,1,0,0.0,0,0,0,0,0,1
benniefowler/2550198,"Fowler, Bennie",WR,2017,Denver Broncos,16,1,6,6.0,6,0,0,0,0,1
benniefowler/2550198,"Fowler, Bennie",WR,2016,Denver Broncos,13,--,--,--,--,--,--,--,--,--
benniefowler/2550198,"Fowler, Bennie",WR,2015,Denver Broncos,16,--,--,--,--,--,--,--,--,--
willfuller/2555346,"Fuller, Will",WR,2017,Houston Texans,10,9,135,15.0,49,0,2,1,6,0
willfuller/2555346,"Fuller, Will",WR,2016,Houston Texans,14,11,165,15.0,67T,1,2,1,6,2
pierregarcon/2346,"Garcon, Pierre",WR,2017,San Francisco 49ers,8,--,--,--,--,--,--,--,--,--
pierregarcon/2346,"Garcon, Pierre",WR,2016,Washington Redskins,16,--,--,--,--,--,--,--,--,--
pierregarcon/2346,"Garcon, Pierre",WR,2015,Washington Redskins,16,--,--,--,--,--,--,--,--,--
pierregarcon/2346,"Garcon, Pierre",WR,2014,Washington Redskins,16,--,--,--,--,--,--,--,--,--
pierregarcon/2346,"Garcon, Pierre",WR,2013,Washington Redskins,16,--,--,--,--,--,--,--,--,--
pierregarcon/2346,"Garcon, Pierre",WR,2012,Washington Redskins,10,--,--,--,--,--,--,--,--,--
pierregarcon/2346,"Garcon, Pierre",WR,2011,Indianapolis Colts,16,16,44,2.8,20,0,1,0,8,0
pierregarcon/2346,"Garcon, Pierre",WR,2010,Indianapolis Colts,14,--,--,--,--,--,--,--,--,--
pierregarcon/2346,"Garcon, Pierre",WR,2009,Indianapolis Colts,14,--,--,--,--,--,--,--,--,--
pierregarcon/2346,"Garcon, Pierre",WR,2008,Indianapolis Colts,14,1,5,5.0,5,0,0,0,0,0
williamgay/2507220,"Gay, William",DB,2017,Pittsburgh Steelers,16,--,--,--,--,--,--,--,--,--
williamgay/2507220,"Gay, William",DB,2016,Pittsburgh Steelers,16,--,--,--,--,--,--,--,--,--
williamgay/2507220,"Gay, William",DB,2015,Pittsburgh Steelers,16,--,--,--,--,--,--,--,--,--
williamgay/2507220,"Gay, William",DB,2014,Pittsburgh Steelers,16,--,--,--,--,--,--,--,--,--
williamgay/2507220,"Gay, William",DB,2013,Pittsburgh Steelers,16,--,--,--,--,--,--,--,--,--
williamgay/2507220,"Gay, William",DB,2012,Arizona Cardinals,16,--,--,--,--,--,--,--,--,--
williamgay/2507220,"Gay, William",DB,2011,Pittsburgh Steelers,16,--,--,--,--,--,--,--,--,--
williamgay/2507220,"Gay, William",DB,2010,Pittsburgh Steelers,16,--,--,--,--,--,--,--,--,--
williamgay/2507220,"Gay, William",DB,2009,Pittsburgh Steelers,16,--,--,--,--,--,--,--,--,--
williamgay/2507220,"Gay, William",DB,2008,Pittsburgh Steelers,16,--,--,--,--,--,--,--,--,--
williamgay/2507220,"Gay, William",DB,2007,Pittsburgh Steelers,16,1,0,0.0,0,0,0,0,0,1
tedginn/2507166,"Ginn, Ted",WR,2017,New Orleans Saints,15,19,103,5.4,17,0,0,0,13,2
tedginn/2507166,"Ginn, Ted",WR,2016,Carolina Panthers,16,29,202,7.0,19,0,0,0,24,2
tedginn/2507166,"Ginn, Ted",WR,2015,Carolina Panthers,15,27,277,10.3,37,0,3,0,22,0
tedginn/2507166,"Ginn, Ted",WR,2014,Arizona Cardinals,16,26,277,10.7,71T,1,2,2,24,2
tedginn/2507166,"Ginn, Ted",WR,2013,Carolina Panthers,16,26,316,12.2,41,0,5,1,26,0
tedginn/2507166,"Ginn, Ted",WR,2012,San Francisco 49ers,13,32,326,10.2,38,0,4,0,12,3
tedginn/2507166,"Ginn, Ted",WR,2011,San Francisco 49ers,14,38,466,12.3,55T,1,9,3,18,0
tedginn/2507166,"Ginn, Ted",WR,2010,San Francisco 49ers,13,24,321,13.4,78T,1,4,2,18,1
tedginn/2507166,"Ginn, Ted",WR,2009,Miami Dolphins,16,5,28,5.6,12,0,0,0,0,1
tedginn/2507166,"Ginn, Ted",WR,2008,Miami Dolphins,16,7,54,7.7,15,0,0,0,1,2
tedginn/2507166,"Ginn, Ted",WR,2007,Miami Dolphins,16,24,230,9.6,87T,1,2,1,15,3
jakeemgrant/2556190,"Grant, Jakeem",WR,2017,Miami Dolphins,16,25,190,7.6,27,0,2,0,11,1
jakeemgrant/2556190,"Grant, Jakeem",WR,2016,Miami Dolphins,16,20,165,8.3,74T,1,1,1,3,4
rashadgreene/2552425,"Greene, Rashad",WR,2016,Jacksonville Jaguars,8,21,131,6.2,42,0,1,1,5,4
rashadgreene/2552425,"Greene, Rashad",WR,2015,Jacksonville Jaguars,9,18,301,16.7,73T,1,4,2,8,1
brentgrimes/2506861,"Grimes, Brent",DB,2017,Tampa Bay Buccaneers,13,--,--,--,--,--,--,--,--,--
brentgrimes/2506861,"Grimes, Brent",DB,2016,Tampa Bay Buccaneers,16,--,--,--,--,--,--,--,--,--
brentgrimes/2506861,"Grimes, Brent",DB,2015,Miami Dolphins,15,4,59,14.8,28,0,1,0,0,0
brentgrimes/2506861,"Grimes, Brent",DB,2014,Miami Dolphins,16,--,--,--,--,--,--,--,--,--
brentgrimes/2506861,"Grimes, Brent",DB,2013,Miami Dolphins,16,--,--,--,--,--,--,--,--,--
brentgrimes/2506861,"Grimes, Brent",DB,2012,Atlanta Falcons,1,--,--,--,--,--,--,--,--,--
brentgrimes/2506861,"Grimes, Brent",DB,2011,Atlanta Falcons,12,--,--,--,--,--,--,--,--,--
brentgrimes/2506861,"Grimes, Brent",DB,2010,Atlanta Falcons,16,--,--,--,--,--,--,--,--,--
brentgrimes/2506861,"Grimes, Brent",DB,2009,Atlanta Falcons,16,--,--,--,--,--,--,--,--,--
brentgrimes/2506861,"Grimes, Brent",DB,2008,Atlanta Falcons,12,--,--,--,--,--,--,--,--,--
brentgrimes/2506861,"Grimes, Brent",DB,2007,Atlanta Falcons,2,--,--,--,--,--,--,--,--,--
joehaden/496733,"Haden, Joe",DB,2017,Pittsburgh Steelers,11,--,--,--,--,--,--,--,--,--
joehaden/496733,"Haden, Joe",DB,2016,Cleveland Browns,13,2,18,9.0,13,0,0,0,2,0
joehaden/496733,"Haden, Joe",DB,2015,Cleveland Browns,5,--,--,--,--,--,--,--,--,--
joehaden/496733,"Haden, Joe",DB,2014,Cleveland Browns,15,--,--,--,--,--,--,--,--,--
joehaden/496733,"Haden, Joe",DB,2013,Cleveland Browns,15,--,--,--,--,--,--,--,--,--
joehaden/496733,"Haden, Joe",DB,2012,Cleveland Browns,11,--,--,--,--,--,--,--,--,--
joehaden/496733,"Haden, Joe",DB,2011,Cleveland Browns,15,--,--,--,--,--,--,--,--,--
joehaden/496733,"Haden, Joe",DB,2010,Cleveland Browns,16,--,--,--,--,--,--,--,--,--
leonhall/2495617,"Hall, Leon",DB,2017,San Francisco 49ers,9,--,--,--,--,--,--,--,--,--
leonhall/2495617,"Hall, Leon",DB,2016,New York Giants,12,--,--,--,--,--,--,--,--,--
leonhall/2495617,"Hall, Leon",DB,2015,Cincinnati Bengals,14,--,--,--,--,--,--,--,--,--
leonhall/2495617,"Hall, Leon",DB,2014,Cincinnati Bengals,15,--,--,--,--,--,--,--,--,--
leonhall/2495617,"Hall, Leon",DB,2013,Cincinnati Bengals,5,--,--,--,--,--,--,--,--,--
leonhall/2495617,"Hall, Leon",DB,2012,Cincinnati Bengals,14,--,--,--,--,--,--,--,--,--
leonhall/2495617,"Hall, Leon",DB,2011,Cincinnati Bengals,9,--,--,--,--,--,--,--,--,--
leonhall/2495617,"Hall, Leon",DB,2010,Cincinnati Bengals,16,--,--,--,--,--,--,--,--,--
leonhall/2495617,"Hall, Leon",DB,2009,Cincinnati Bengals,16,--,--,--,--,--,--,--,--,--
leonhall/2495617,"Hall, Leon",DB,2008,Cincinnati Bengals,16,3,16,5.3,12,0,0,0,0,0
leonhall/2495617,"Hall, Leon",DB,2007,Cincinnati Bengals,16,--,--,--,--,--,--,--,--,--
vernonhargreaves/2555299,"Hargreaves, Vernon",CB,2017,Tampa Bay Buccaneers,9,--,--,--,--,--,--,--,--,--
vernonhargreaves/2555299,"Hargreaves, Vernon",CB,2016,Tampa Bay Buccaneers,16,5,29,5.8,12,0,0,0,0,0
de'vanteharris/2556833,"Harris, De'Vante",CB,2017,New Orleans Saints,11,--,--,--,--,--,--,--,--,--
de'vanteharris/2556833,"Harris, De'Vante",CB,2016,New Orleans Saints,10,1,0,0.0,0,0,0,0,0,1
dwayneharris/2495159,"Harris, Dwayne",WR,2017,New York Giants,5,7,48,6.9,17,0,0,0,9,0
dwayneharris/2495159,"Harris, Dwayne",WR,2016,New York Giants,16,29,170,5.9,17,0,0,0,10,3
dwayneharris/2495159,"Harris, Dwayne",WR,2015,New York Giants,15,34,341,10.0,80T,1,4,1,7,3
dwayneharris/2495159,"Harris, Dwayne",WR,2014,Dallas Cowboys,16,30,275,9.2,38,0,3,0,13,4
dwayneharris/2495159,"Harris, Dwayne",WR,2013,Dallas Cowboys,13,20,256,12.8,86T,1,4,1,10,2
dwayneharris/2495159,"Harris, Dwayne",WR,2012,Dallas Cowboys,16,22,354,16.1,78T,1,7,1,11,0
dwayneharris/2495159,"Harris, Dwayne",WR,2011,Dallas Cowboys,7,15,80,5.3,14,0,0,0,6,0
tyreekhill/2556214,"Hill, Tyreek",WR,2017,Kansas City Chiefs,15,25,204,8.2,82T,1,3,1,9,2
tyreekhill/2556214,"Hill, Tyreek",WR,2016,Kansas City Chiefs,16,39,592,15.2,95T,2,8,3,8,3
t.y.hilton/2532865,"Hilton, T.Y.",WR,2017,Indianapolis Colts,16,--,--,--,--,--,--,--,--,--
t.y.hilton/2532865,"Hilton, T.Y.",WR,2016,Indianapolis Colts,16,1,5,5.0,5,0,0,0,1,0
t.y.hilton/2532865,"Hilton, T.Y.",WR,2015,Indianapolis Colts,16,4,16,4.0,10,0,0,0,2,0
t.y.hilton/2532865,"Hilton, T.Y.",WR,2014,Indianapolis Colts,15,--,--,--,--,--,--,--,--,--
t.y.hilton/2532865,"Hilton, T.Y.",WR,2013,Indianapolis Colts,16,17,159,9.4,34,0,2,0,12,1
t.y.hilton/2532865,"Hilton, T.Y.",WR,2012,Indianapolis Colts,15,26,300,11.5,75T,1,1,1,18,0
johnnyholton/2556805,"Holton, Johnny",WR,2017,Oakland Raiders,16,1,0,0.0,0,0,0,0,0,1
johnnyholton/2556805,"Holton, Johnny",WR,2016,Oakland Raiders,15,--,--,--,--,--,--,--,--,--
adamhumphries/2553895,"Humphries, Adam",WR,2017,Tampa Bay Buccaneers,16,6,49,8.2,19,0,0,0,7,0
adamhumphries/2553895,"Humphries, Adam",WR,2016,Tampa Bay Buccaneers,15,24,237,9.9,25,0,2,0,22,3
adamhumphries/2553895,"Humphries, Adam",WR,2015,Tampa Bay Buccaneers,13,--,--,--,--,--,--,--,--,--
micahhyde/2539240,"Hyde, Micah",DB,2017,Buffalo Bills,16,2,18,9.0,12,0,0,0,6,0
micahhyde/2539240,"Hyde, Micah",DB,2016,Green Bay Packers,16,11,64,5.8,19,0,0,0,6,1
micahhyde/2539240,"Hyde, Micah",DB,2015,Green Bay Packers,15,27,157,5.8,16,0,0,0,18,1
micahhyde/2539240,"Hyde, Micah",DB,2014,Green Bay Packers,16,14,221,15.8,75T,2,3,2,3,0
micahhyde/2539240,"Hyde, Micah",DB,2013,Green Bay Packers,16,24,296,12.3,93T,1,4,1,14,2
adoree'jackson/2558065,"Jackson, Adoree'",CB,2017,Tennessee Titans,16,34,290,8.5,46,0,3,1,9,1
deseanjackson/1581,"Jackson, DeSean",WR,2017,Tampa Bay Buccaneers,14,--,--,--,--,--,--,--,--,--
deseanjackson/1581,"Jackson, DeSean",WR,2016,Washington Redskins,15,--,--,--,--,--,--,--,--,--
deseanjackson/1581,"Jackson, DeSean",WR,2015,Washington Redskins,9,2,-5,-2.5,2,0,0,0,1,1
deseanjackson/1581,"Jackson, DeSean",WR,2014,Washington Redskins,15,1,0,0.0,0,0,0,0,2,0
deseanjackson/1581,"Jackson, DeSean",WR,2013,Philadelphia Eagles,16,14,71,5.1,32,0,2,0,8,0
deseanjackson/1581,"Jackson, DeSean",WR,2012,Philadelphia Eagles,11,1,-3,-3.0,-3,0,0,0,0,0
deseanjackson/1581,"Jackson, DeSean",WR,2011,Philadelphia Eagles,15,17,114,6.7,51,0,2,1,12,1
deseanjackson/1581,"Jackson, DeSean",WR,2010,Philadelphia Eagles,14,20,231,11.6,65T,1,3,1,8,2
deseanjackson/1581,"Jackson, DeSean",WR,2009,Philadelphia Eagles,15,29,441,15.2,85T,2,7,3,15,1
deseanjackson/1581,"Jackson, DeSean",WR,2008,Philadelphia Eagles,16,50,440,8.8,68T,1,3,2,16,3
eddiejackson/2558176,"Jackson, Eddie",DB,2017,Chicago Bears,16,2,6,3.0,7,0,0,0,1,0
williamjackson/2556367,"Jackson, William",CB,2017,Cincinnati Bengals,15,1,0,0.0,0,0,0,0,0,1
janorisjenkins/2532875,"Jenkins, Janoris",DB,2017,New York Giants,9,--,--,--,--,--,--,--,--,--
janorisjenkins/2532875,"Jenkins, Janoris",DB,2016,New York Giants,15,--,--,--,--,--,--,--,--,--
janorisjenkins/2532875,"Jenkins, Janoris",DB,2015,St. Louis Rams,15,1,5,5.0,5,0,0,0,0,0
janorisjenkins/2532875,"Jenkins, Janoris",DB,2014,St. Louis Rams,14,--,--,--,--,--,--,--,--,--
janorisjenkins/2532875,"Jenkins, Janoris",DB,2013,St. Louis Rams,16,--,--,--,--,--,--,--,--,--
janorisjenkins/2532875,"Jenkins, Janoris",DB,2012,St. Louis Rams,15,9,46,5.1,14,0,0,0,1,3
dontaejohnson/2543739,"Johnson, Dontae",DB,2017,San Francisco 49ers,16,--,--,--,--,--,--,--,--,--
dontaejohnson/2543739,"Johnson, Dontae",DB,2016,San Francisco 49ers,15,1,25,25.0,25,0,1,0,0,0
dontaejohnson/2543739,"Johnson, Dontae",DB,2015,San Francisco 49ers,16,--,--,--,--,--,--,--,--,--
dontaejohnson/2543739,"Johnson, Dontae",DB,2014,San Francisco 49ers,16,--,--,--,--,--,--,--,--,--
dukejohnson/2552461,"Johnson, Duke",RB,2017,Cleveland Browns,16,3,17,5.7,12,0,0,0,1,1
dukejohnson/2552461,"Johnson, Duke",RB,2016,Cleveland Browns,16,17,112,6.6,18,0,0,0,1,0
dukejohnson/2552461,"Johnson, Duke",RB,2015,Cleveland Browns,16,--,--,--,--,--,--,--,--,--
trumainejohnson/2532877,"Johnson, Trumaine",DB,2017,Los Angeles Rams,16,1,6,6.0,6,0,0,0,0,0
trumainejohnson/2532877,"Johnson, Trumaine",DB,2016,Los Angeles Rams,14,--,--,--,--,--,--,--,--,--
trumainejohnson/2532877,"Johnson, Trumaine",DB,2015,St. Louis Rams,14,--,--,--,--,--,--,--,--,--
trumainejohnson/2532877,"Johnson, Trumaine",DB,2014,St. Louis Rams,9,0,0,--,--,0,0,0,1,0
trumainejohnson/2532877,"Johnson, Trumaine",DB,2013,St. Louis Rams,16,--,--,--,--,--,--,--,--,--
trumainejohnson/2532877,"Johnson, Trumaine",DB,2012,St. Louis Rams,16,--,--,--,--,--,--,--,--,--
chandlerjones/2533538,"Jones, Chandler",DE,2017,Arizona Cardinals,16,--,--,--,--,--,--,--,--,--
chandlerjones/2533538,"Jones, Chandler",DE,2016,Arizona Cardinals,16,1,0,0.0,0,0,0,0,0,0
chandlerjones/2533538,"Jones, Chandler",DE,2015,New England Patriots,15,--,--,--,--,--,--,--,--,--
chandlerjones/2533538,"Jones, Chandler",DE,2014,New England Patriots,10,--,--,--,--,--,--,--,--,--
chandlerjones/2533538,"Jones, Chandler",DE,2013,New England Patriots,16,--,--,--,--,--,--,--,--,--
chandlerjones/2533538,"Jones, Chandler",DE,2012,New England Patriots,14,--,--,--,--,--,--,--,--,--
cyrusjones/2555380,"Jones, Cyrus",CB,2016,New England Patriots,10,11,46,4.2,13,0,0,0,3,4
reshadjones/496739,"Jones, Reshad",DB,2017,Miami Dolphins,16,--,--,--,--,--,--,--,--,--
reshadjones/496739,"Jones, Reshad",DB,2016,Miami Dolphins,6,--,--,--,--,--,--,--,--,--
reshadjones/496739,"Jones, Reshad",DB,2015,Miami Dolphins,16,--,--,--,--,--,--,--,--,--
reshadjones/496739,"Jones, Reshad",DB,2014,Miami Dolphins,12,--,--,--,--,--,--,--,--,--
reshadjones/496739,"Jones, Reshad",DB,2013,Miami Dolphins,16,--,--,--,--,--,--,--,--,--
reshadjones/496739,"Jones, Reshad",DB,2012,Miami Dolphins,16,1,0,0.0,0,0,0,0,0,1
reshadjones/496739,"Jones, Reshad",DB,2011,Miami Dolphins,15,--,--,--,--,--,--,--,--,--
reshadjones/496739,"Jones, Reshad",DB,2010,Miami Dolphins,13,--,--,--,--,--,--,--,--,--
t.j.jones/2543836,"Jones, T.J.",WR,2017,Detroit Lions,14,6,47,7.8,17,0,0,0,4,1
t.j.jones/2543836,"Jones, T.J.",WR,2016,Detroit Lions,3,--,--,--,--,--,--,--,--,--
t.j.jones/2543836,"Jones, T.J.",WR,2015,Detroit Lions,10,7,59,8.4,28,0,1,0,6,2
jeremykerley/2495189,"Kerley, Jeremy",WR,2017,New York Jets,8,16,85,5.3,15,0,0,0,9,2
jeremykerley/2495189,"Kerley, Jeremy",WR,2016,San Francisco 49ers,16,21,158,7.5,26,0,3,0,36,3
jeremykerley/2495189,"Kerley, Jeremy",WR,2015,New York Jets,16,48,411,8.6,58,0,2,1,19,1
jeremykerley/2495189,"Kerley, Jeremy",WR,2014,New York Jets,16,25,199,8.0,41,0,2,1,13,1
jeremykerley/2495189,"Kerley, Jeremy",WR,2013,New York Jets,12,13,115,8.8,24,0,1,0,5,0
jeremykerley/2495189,"Kerley, Jeremy",WR,2012,New York Jets,16,19,208,10.9,68T,1,2,1,36,2
jeremykerley/2495189,"Kerley, Jeremy",WR,2011,New York Jets,14,29,317,10.9,53,0,5,1,16,3
desmondking/2557927,"King, Desmond",DB,2017,Los Angeles Chargers,16,1,2,2.0,2,0,0,0,1,0
brandonlafell/497302,"LaFell, Brandon",WR,2017,Cincinnati Bengals,16,--,--,--,--,--,--,--,--,--
brandonlafell/497302,"LaFell, Brandon",WR,2016,Cincinnati Bengals,16,--,--,--,--,--,--,--,--,--
brandonlafell/497302,"LaFell, Brandon",WR,2015,New England Patriots,11,--,--,--,--,--,--,--,--,--
brandonlafell/497302,"LaFell, Brandon",WR,2014,New England Patriots,16,--,--,--,--,--,--,--,--,--
brandonlafell/497302,"LaFell, Brandon",WR,2013,Carolina Panthers,16,1,0,0.0,0,0,0,0,0,0
brandonlafell/497302,"LaFell, Brandon",WR,2012,Carolina Panthers,14,--,--,--,--,--,--,--,--,--
brandonlafell/497302,"LaFell, Brandon",WR,2011,Carolina Panthers,16,--,--,--,--,--,--,--,--,--
brandonlafell/497302,"LaFell, Brandon",WR,2010,Carolina Panthers,14,--,--,--,--,--,--,--,--,--
jarvislandry/2543488,"Landry, Jarvis",WR,2017,Miami Dolphins,16,12,81,6.8,16,0,0,0,3,0
jarvislandry/2543488,"Landry, Jarvis",WR,2016,Miami Dolphins,16,16,163,10.2,20,0,1,0,15,1
jarvislandry/2543488,"Landry, Jarvis",WR,2015,Miami Dolphins,16,36,356,9.9,69T,1,5,1,16,1
jarvislandry/2543488,"Landry, Jarvis",WR,2014,Miami Dolphins,16,25,204,8.2,32,0,3,0,19,4
brendanlangley/2558186,"Langley, Brendan",CB,2017,Denver Broncos,11,1,6,6.0,6,0,0,0,0,0
cre'vonleblanc/2556587,"LeBlanc, Cre'von",CB,2017,Chicago Bears,15,--,--,--,--,--,--,--,--,--
cre'vonleblanc/2556587,"LeBlanc, Cre'von",CB,2016,Chicago Bears,13,5,43,8.6,13,0,0,0,3,0
marqiselee/2543475,"Lee, Marqise",WR,2017,Jacksonville Jaguars,14,5,13,2.6,7,0,0,0,6,0
marqiselee/2543475,"Lee, Marqise",WR,2016,Jacksonville Jaguars,16,2,3,1.5,3,0,0,0,3,1
marqiselee/2543475,"Lee, Marqise",WR,2015,Jacksonville Jaguars,10,--,--,--,--,--,--,--,--,--
marqiselee/2543475,"Lee, Marqise",WR,2014,Jacksonville Jaguars,13,--,--,--,--,--,--,--,--,--
tommyleelewis/2556752,"Lewis, Tommylee",WR,2017,New Orleans Saints,15,14,115,8.2,24,0,1,0,10,1
tommyleelewis/2556752,"Lewis, Tommylee",WR,2016,New Orleans Saints,12,14,160,11.4,59,0,3,1,8,2
tylerlockett/2552430,"Lockett, Tyler",WR,2017,Seattle Seahawks,16,36,237,6.6,27,0,2,0,21,0
tylerlockett/2552430,"Lockett, Tyler",WR,2016,Seattle Seahawks,15,29,243,8.4,62,0,3,1,22,0
tylerlockett/2552430,"Lockett, Tyler",WR,2015,Seattle Seahawks,16,40,379,9.5,66,1,5,3,21,2
craigmager/2552570,"Mager, Craig",CB,2017,Los Angeles Chargers,2,--,--,--,--,--,--,--,--,--
craigmager/2552570,"Mager, Craig",CB,2016,San Diego Chargers,11,--,--,--,--,--,--,--,--,--
craigmager/2552570,"Mager, Craig",CB,2015,San Diego Chargers,10,1,2,2.0,2,0,0,0,1,0
deanmarlowe/2553562,"Marlowe, Dean",DB,2016,Carolina Panthers,1,--,--,--,--,--,--,--,--,--
deanmarlowe/2553562,"Marlowe, Dean",DB,2015,Carolina Panthers,4,1,0,0.0,0,0,0,0,0,0
rishardmatthews/2532903,"Matthews, Rishard",WR,2017,Tennessee Titans,14,--,--,--,--,--,--,--,--,--
rishardmatthews/2532903,"Matthews, Rishard",WR,2016,Tennessee Titans,16,--,--,--,--,--,--,--,--,--
rishardmatthews/2532903,"Matthews, Rishard",WR,2015,Miami Dolphins,11,1,9,9.0,9,0,0,0,0,0
rishardmatthews/2532903,"Matthews, Rishard",WR,2014,Miami Dolphins,14,--,--,--,--,--,--,--,--,--
rishardmatthews/2532903,"Matthews, Rishard",WR,2013,Miami Dolphins,16,--,--,--,--,--,--,--,--,--
rishardmatthews/2532903,"Matthews, Rishard",WR,2012,Miami Dolphins,8,0,0,--,--,0,0,0,1,0
christianmccaffrey/2557997,"McCaffrey, Christian",RB,2017,Carolina Panthers,16,22,162,7.4,25,0,1,0,9,1
maxmccaffrey/2556814,"McCaffrey, Max",WR,2017,San Francisco 49ers,0,--,--,--,--,--,--,--,--,--
maxmccaffrey/2556814,"McCaffrey, Max",WR,2017,Jacksonville Jaguars,5,1,0,0.0,0,0,0,0,4,0
elijahmcguire/2557934,"McGuire, Elijah",RB,2017,New York Jets,16,1,10,10.0,10,0,0,0,2,0
isaiahmckenzie/2558129,"McKenzie, Isaiah",WR,2017,Denver Broncos,11,21,183,8.7,44,0,4,1,7,6
sherrickmcmanis/494289,"McManis, Sherrick",DB,2017,Chicago Bears,13,--,--,--,--,--,--,--,--,--
sherrickmcmanis/494289,"McManis, Sherrick",DB,2016,Chicago Bears,16,--,--,--,--,--,--,--,--,--
sherrickmcmanis/494289,"McManis, Sherrick",DB,2015,Chicago Bears,16,--,--,--,--,--,--,--,--,--
sherrickmcmanis/494289,"McManis, Sherrick",DB,2014,Chicago Bears,12,1,0,0.0,0,0,0,0,0,0
sherrickmcmanis/494289,"McManis, Sherrick",DB,2013,Chicago Bears,15,--,--,--,--,--,--,--,--,--
sherrickmcmanis/494289,"McManis, Sherrick",DB,2012,Chicago Bears,12,--,--,--,--,--,--,--,--,--
sherrickmcmanis/494289,"McManis, Sherrick",DB,2011,Houston Texans,9,--,--,--,--,--,--,--,--,--
sherrickmcmanis/494289,"McManis, Sherrick",DB,2010,Houston Texans,14,--,--,--,--,--,--,--,--,--
jaydonmickens/2556861,"Mickens, Jaydon",WR,2017,Jacksonville Jaguars,10,27,287,10.6,72,1,3,2,19,3
braxtonmiller/2555348,"Miller, Braxton",WR,2017,Houston Texans,11,3,12,4.0,8,0,0,0,5,0
braxtonmiller/2555348,"Miller, Braxton",WR,2016,Houston Texans,10,1,1,1.0,1,0,0,0,0,0
captainmunnerlyn/80668,"Munnerlyn, Captain",DB,2017,Carolina Panthers,14,--,--,--,--,--,--,--,--,--
captainmunnerlyn/80668,"Munnerlyn, Captain",DB,2016,Minnesota Vikings,15,--,--,--,--,--,--,--,--,--
captainmunnerlyn/80668,"Munnerlyn, Captain",DB,2015,Minnesota Vikings,16,--,--,--,--,--,--,--,--,--
captainmunnerlyn/80668,"Munnerlyn, Captain",DB,2014,Minnesota Vikings,16,--,--,--,--,--,--,--,--,--
captainmunnerlyn/80668,"Munnerlyn, Captain",DB,2013,Carolina Panthers,16,--,--,--,--,--,--,--,--,--
captainmunnerlyn/80668,"Munnerlyn, Captain",DB,2012,Carolina Panthers,16,14,72,5.1,20,0,1,0,5,1
captainmunnerlyn/80668,"Munnerlyn, Captain",DB,2011,Carolina Panthers,14,--,--,--,--,--,--,--,--,--
captainmunnerlyn/80668,"Munnerlyn, Captain",DB,2010,Carolina Panthers,16,30,327,10.9,37,0,6,0,6,2
captainmunnerlyn/80668,"Munnerlyn, Captain",DB,2009,Carolina Panthers,15,31,278,9.0,37,0,4,0,10,2
marcusmurphy/2552647,"Murphy, Marcus",RB,2017,Buffalo Bills,1,--,--,--,--,--,--,--,--,--
marcusmurphy/2552647,"Murphy, Marcus",RB,2016,New Orleans Saints,3,6,57,9.5,22,0,1,0,0,0
marcusmurphy/2552647,"Murphy, Marcus",RB,2015,New Orleans Saints,13,28,261,9.3,74T,1,3,1,7,3
jojonatson/2558905,"Natson, JoJo",WR,2017,New York Jets,7,16,38,2.4,17,0,0,0,8,1
j.j.nelson/2552656,"Nelson, J.J.",WR,2017,Arizona Cardinals,16,--,--,--,--,--,--,--,--,--
j.j.nelson/2552656,"Nelson, J.J.",WR,2016,Arizona Cardinals,15,--,--,--,--,--,--,--,--,--
j.j.nelson/2552656,"Nelson, J.J.",WR,2015,Arizona Cardinals,11,4,13,3.3,11,0,0,0,4,1
jordynelson/1032,"Nelson, Jordy",WR,2017,Green Bay Packers,15,--,--,--,--,--,--,--,--,--
jordynelson/1032,"Nelson, Jordy",WR,2016,Green Bay Packers,16,--,--,--,--,--,--,--,--,--
jordynelson/1032,"Nelson, Jordy",WR,2014,Green Bay Packers,16,--,--,--,--,--,--,--,--,--
jordynelson/1032,"Nelson, Jordy",WR,2013,Green Bay Packers,16,--,--,--,--,--,--,--,--,--
jordynelson/1032,"Nelson, Jordy",WR,2012,Green Bay Packers,12,--,--,--,--,--,--,--,--,--
jordynelson/1032,"Nelson, Jordy",WR,2011,Green Bay Packers,16,0,0,--,--,0,0,0,1,0
jordynelson/1032,"Nelson, Jordy",WR,2010,Green Bay Packers,16,--,--,--,--,--,--,--,--,--
jordynelson/1032,"Nelson, Jordy",WR,2009,Green Bay Packers,13,17,90,5.3,14,0,0,0,6,2
jordynelson/1032,"Nelson, Jordy",WR,2008,Green Bay Packers,16,--,--,--,--,--,--,--,--,--
terencenewman/2505552,"Newman, Terence",DB,2017,Minnesota Vikings,16,--,--,--,--,--,--,--,--,--
terencenewman/2505552,"Newman, Terence",DB,2016,Minnesota Vikings,15,--,--,--,--,--,--,--,--,--
terencenewman/2505552,"Newman, Terence",DB,2015,Minnesota Vikings,16,--,--,--,--,--,--,--,--,--
terencenewman/2505552,"Newman, Terence",DB,2014,Cincinnati Bengals,13,--,--,--,--,--,--,--,--,--
terencenewman/2505552,"Newman, Terence",DB,2013,Cincinnati Bengals,13,--,--,--,--,--,--,--,--,--
terencenewman/2505552,"Newman, Terence",DB,2012,Cincinnati Bengals,15,--,--,--,--,--,--,--,--,--
terencenewman/2505552,"Newman, Terence",DB,2011,Dallas Cowboys,14,--,--,--,--,--,--,--,--,--
terencenewman/2505552,"Newman, Terence",DB,2010,Dallas Cowboys,16,--,--,--,--,--,--,--,--,--
terencenewman/2505552,"Newman, Terence",DB,2009,Dallas Cowboys,16,2,-11,-5.5,0,0,0,0,0,1
terencenewman/2505552,"Newman, Terence",DB,2008,Dallas Cowboys,10,--,--,--,--,--,--,--,--,--
terencenewman/2505552,"Newman, Terence",DB,2007,Dallas Cowboys,13,4,26,6.5,13,0,0,0,1,0
terencenewman/2505552,"Newman, Terence",DB,2006,Dallas Cowboys,16,20,202,10.1,56T,1,3,1,6,1
terencenewman/2505552,"Newman, Terence",DB,2005,Dallas Cowboys,16,10,55,5.5,26,0,1,0,6,3
terencenewman/2505552,"Newman, Terence",DB,2004,Dallas Cowboys,16,2,13,6.5,7,0,0,0,0,0
terencenewman/2505552,"Newman, Terence",DB,2003,Dallas Cowboys,16,--,--,--,--,--,--,--,--,--
cordarrellepatterson/2540145,"Patterson, Cordarrelle",WR,2017,Oakland Raiders,16,--,--,--,--,--,--,--,--,--
cordarrellepatterson/2540145,"Patterson, Cordarrelle",WR,2016,Minnesota Vikings,16,1,9,9.0,9,0,0,0,1,1
cordarrellepatterson/2540145,"Patterson, Cordarrelle",WR,2015,Minnesota Vikings,16,--,--,--,--,--,--,--,--,--
cordarrellepatterson/2540145,"Patterson, Cordarrelle",WR,2014,Minnesota Vikings,16,--,--,--,--,--,--,--,--,--
cordarrellepatterson/2540145,"Patterson, Cordarrelle",WR,2013,Minnesota Vikings,16,0,0,--,--,0,0,0,1,0
nilespaul/2495211,"Paul, Niles",TE,2017,Washington Redskins,14,--,--,--,--,--,--,--,--,--
nilespaul/2495211,"Paul, Niles",TE,2016,Washington Redskins,8,--,--,--,--,--,--,--,--,--
nilespaul/2495211,"Paul, Niles",TE,2014,Washington Redskins,16,--,--,--,--,--,--,--,--,--
nilespaul/2495211,"Paul, Niles",TE,2013,Washington Redskins,15,--,--,--,--,--,--,--,--,--
nilespaul/2495211,"Paul, Niles",TE,2012,Washington Redskins,16,--,--,--,--,--,--,--,--,--
nilespaul/2495211,"Paul, Niles",TE,2011,Washington Redskins,13,1,0,0.0,0,0,0,0,0,0
jabrillpeppers/2557980,"Peppers, Jabrill",DB,2017,Cleveland Browns,13,30,180,6.0,25,0,1,0,15,5
patrickpeterson/2495504,"Peterson, Patrick",DB,2017,Arizona Cardinals,16,13,88,6.8,19,0,0,0,9,0
patrickpeterson/2495504,"Peterson, Patrick",DB,2016,Arizona Cardinals,16,13,81,6.2,17,0,0,0,12,1
patrickpeterson/2495504,"Peterson, Patrick",DB,2015,Arizona Cardinals,16,32,260,8.1,38,0,2,0,17,4
patrickpeterson/2495504,"Peterson, Patrick",DB,2014,Arizona Cardinals,16,--,--,--,--,--,--,--,--,--
patrickpeterson/2495504,"Peterson, Patrick",DB,2013,Arizona Cardinals,16,33,198,6.0,22,0,1,0,22,3
patrickpeterson/2495504,"Peterson, Patrick",DB,2012,Arizona Cardinals,16,51,426,8.4,26,0,4,0,14,6
patrickpeterson/2495504,"Peterson, Patrick",DB,2011,Arizona Cardinals,16,44,699,15.9,99T,4,8,5,22,3
jordanpoyer/2539290,"Poyer, Jordan",DB,2017,Buffalo Bills,15,--,--,--,--,--,--,--,--,--
jordanpoyer/2539290,"Poyer, Jordan",DB,2016,Cleveland Browns,6,2,2,1.0,2,0,0,0,3,0
jordanpoyer/2539290,"Poyer, Jordan",DB,2015,Cleveland Browns,14,--,--,--,--,--,--,--,--,--
jordanpoyer/2539290,"Poyer, Jordan",DB,2014,Cleveland Browns,16,7,28,4.0,8,0,0,0,2,1
jordanpoyer/2539290,"Poyer, Jordan",DB,2013,Cleveland Browns,9,8,114,14.3,38,0,3,0,7,0
jordanpoyer/2539290,"Poyer, Jordan",DB,2013,Philadelphia Eagles,3,--,--,--,--,--,--,--,--,--
damariousrandall/2552389,"Randall, Damarious",DB,2017,Green Bay Packers,14,--,--,--,--,--,--,--,--,--
damariousrandall/2552389,"Randall, Damarious",DB,2016,Green Bay Packers,10,1,2,2.0,2,0,0,0,0,0
damariousrandall/2552389,"Randall, Damarious",DB,2015,Green Bay Packers,15,--,--,--,--,--,--,--,--,--
kalifraymond/2556661,"Raymond, Kalif",WR,2017,New York Giants,6,13,61,4.7,17,0,0,0,6,2
kalifraymond/2556661,"Raymond, Kalif",WR,2017,New York Jets,2,5,38,7.6,25,0,1,0,3,3
kalifraymond/2556661,"Raymond, Kalif",WR,2016,Denver Broncos,4,11,111,10.1,25,0,3,0,9,1
bernardreedy/2550246,"Reedy, Bernard",WR,2017,New England Patriots,2,4,32,8.0,13,0,0,0,0,0
bernardreedy/2550246,"Reedy, Bernard",WR,2017,Tampa Bay Buccaneers,9,14,143,10.2,44,0,1,1,7,1
bernardreedy/2550246,"Reedy, Bernard",WR,2016,Tampa Bay Buccaneers,0,--,--,--,--,--,--,--,--,--
jalenrichard/2556885,"Richard, Jalen",RB,2017,Oakland Raiders,16,26,155,6.0,19,0,0,0,13,6
jalenrichard/2556885,"Richard, Jalen",RB,2016,Oakland Raiders,16,34,306,9.0,47,0,3,1,5,0
andreroberts/497320,"Roberts, Andre",WR,2017,Atlanta Falcons,16,27,201,7.4,27,0,1,0,21,2
andreroberts/497320,"Roberts, Andre",WR,2016,Detroit Lions,16,20,246,12.3,85T,2,3,2,16,2
andreroberts/497320,"Roberts, Andre",WR,2015,Washington Redskins,9,--,--,--,--,--,--,--,--,--
andreroberts/497320,"Roberts, Andre",WR,2014,Washington Redskins,16,28,208,7.4,37,0,3,0,25,2
andreroberts/497320,"Roberts, Andre",WR,2013,Arizona Cardinals,16,--,--,--,--,--,--,--,--,--
andreroberts/497320,"Roberts, Andre",WR,2012,Arizona Cardinals,15,3,15,5.0,10,0,0,0,0,0
andreroberts/497320,"Roberts, Andre",WR,2011,Arizona Cardinals,16,2,-3,-1.5,-1,0,0,0,0,0
andreroberts/497320,"Roberts, Andre",WR,2010,Arizona Cardinals,15,35,263,7.5,25,0,2,0,8,1
darrylroberts/2553353,"Roberts, Darryl",CB,2017,New York Jets,15,--,--,--,--,--,--,--,--,--
darrylroberts/2553353,"Roberts, Darryl",CB,2016,New York Jets,12,1,0,0.0,0,0,0,0,0,1
demarcusrobinson/2555478,"Robinson, Demarcus",WR,2017,Kansas City Chiefs,16,1,-4,-4.0,-4,0,0,0,1,0
demarcusrobinson/2555478,"Robinson, Demarcus",WR,2016,Kansas City Chiefs,16,--,--,--,--,--,--,--,--,--
chesterrogers/2556396,"Rogers, Chester",WR,2017,Indianapolis Colts,11,10,80,8.0,30,0,1,0,5,0
chesterrogers/2556396,"Rogers, Chester",WR,2016,Indianapolis Colts,14,13,119,9.2,30,0,2,0,12,1
elirogers/2553737,"Rogers, Eli",WR,2017,Pittsburgh Steelers,14,19,146,7.7,27,0,2,0,10,1
elirogers/2553737,"Rogers, Eli",WR,2016,Pittsburgh Steelers,13,7,45,6.4,15,0,0,0,4,2
emmanuelsanders/497322,"Sanders, Emmanuel",WR,2017,Denver Broncos,12,2,-2,-1.0,3,0,0,0,0,0
emmanuelsanders/497322,"Sanders, Emmanuel",WR,2016,Denver Broncos,16,--,--,--,--,--,--,--,--,--
emmanuelsanders/497322,"Sanders, Emmanuel",WR,2015,Denver Broncos,15,17,103,6.1,14,0,0,0,20,1
emmanuelsanders/497322,"Sanders, Emmanuel",WR,2014,Denver Broncos,16,1,11,11.0,11,0,0,0,1,0
emmanuelsanders/497322,"Sanders, Emmanuel",WR,2013,Pittsburgh Steelers,16,--,--,--,--,--,--,--,--,--
emmanuelsanders/497322,"Sanders, Emmanuel",WR,2012,Pittsburgh Steelers,16,9,93,10.3,63,0,1,1,9,1
emmanuelsanders/497322,"Sanders, Emmanuel",WR,2011,Pittsburgh Steelers,11,3,22,7.3,10,0,0,0,0,0
emmanuelsanders/497322,"Sanders, Emmanuel",WR,2010,Pittsburgh Steelers,13,4,60,15.0,38,0,1,0,1,0
huntersharp/2556773,"Sharp, Hunter",WR,2017,New York Giants,2,3,19,6.3,13,0,0,0,3,0
huntersharp/2556773,"Sharp, Hunter",WR,2017,Denver Broncos,1,5,55,11.0,16,0,0,0,1,0
marcussherels/2508007,"Sherels, Marcus",DB,2017,Minnesota Vikings,16,39,372,9.5,46,0,3,1,24,1
marcussherels/2508007,"Sherels, Marcus",DB,2016,Minnesota Vikings,11,21,292,13.9,79T,2,5,2,17,1
marcussherels/2508007,"Sherels, Marcus",DB,2015,Minnesota Vikings,16,34,311,9.1,65T,1,4,1,15,2
marcussherels/2508007,"Sherels, Marcus",DB,2014,Minnesota Vikings,16,27,297,11.0,35,0,4,0,26,0
marcussherels/2508007,"Sherels, Marcus",DB,2013,Minnesota Vikings,16,22,335,15.2,86T,1,5,2,27,3
marcussherels/2508007,"Sherels, Marcus",DB,2012,Minnesota Vikings,16,32,287,9.0,77T,1,2,1,27,1
marcussherels/2508007,"Sherels, Marcus",DB,2011,Minnesota Vikings,16,33,277,8.4,53,0,3,1,20,0
marcussherels/2508007,"Sherels, Marcus",DB,2010,Minnesota Vikings,1,--,--,--,--,--,--,--,--,--
richardsherman/2495507,"Sherman, Richard",DB,2017,Seattle Seahawks,9,--,--,--,--,--,--,--,--,--
richardsherman/2495507,"Sherman, Richard",DB,2016,Seattle Seahawks,16,1,6,6.0,6,0,0,0,6,0
richardsherman/2495507,"Sherman, Richard",DB,2015,Seattle Seahawks,16,1,64,64.0,64,0,1,1,0,0
richardsherman/2495507,"Sherman, Richard",DB,2014,Seattle Seahawks,16,1,0,0.0,0,0,0,0,1,0
richardsherman/2495507,"Sherman, Richard",DB,2013,Seattle Seahawks,16,1,-6,-6.0,-6,0,0,0,0,1
richardsherman/2495507,"Sherman, Richard",DB,2012,Seattle Seahawks,16,--,--,--,--,--,--,--,--,--
richardsherman/2495507,"Sherman, Richard",DB,2011,Seattle Seahawks,16,--,--,--,--,--,--,--,--,--
samshields/1037374,"Shields, Sam",DB,2016,Green Bay Packers,1,--,--,--,--,--,--,--,--,--
samshields/1037374,"Shields, Sam",DB,2015,Green Bay Packers,12,--,--,--,--,--,--,--,--,--
samshields/1037374,"Shields, Sam",DB,2014,Green Bay Packers,14,--,--,--,--,--,--,--,--,--
samshields/1037374,"Shields, Sam",DB,2013,Green Bay Packers,14,--,--,--,--,--,--,--,--,--
samshields/1037374,"Shields, Sam",DB,2012,Green Bay Packers,10,1,0,0.0,0,0,0,0,0,1
samshields/1037374,"Shields, Sam",DB,2011,Green Bay Packers,15,--,--,--,--,--,--,--,--,--
samshields/1037374,"Shields, Sam",DB,2010,Green Bay Packers,14,0,-1,--,-1,0,0,0,0,0
busterskrine/2495343,"Skrine, Buster",DB,2017,New York Jets,15,--,--,--,--,--,--,--,--,--
busterskrine/2495343,"Skrine, Buster",DB,2016,New York Jets,14,1,0,0.0,0,0,0,0,0,1
busterskrine/2495343,"Skrine, Buster",DB,2015,New York Jets,16,--,--,--,--,--,--,--,--,--
busterskrine/2495343,"Skrine, Buster",DB,2014,Cleveland Browns,16,--,--,--,--,--,--,--,--,--
busterskrine/2495343,"Skrine, Buster",DB,2013,Cleveland Browns,16,--,--,--,--,--,--,--,--,--
busterskrine/2495343,"Skrine, Buster",DB,2012,Cleveland Browns,16,--,--,--,--,--,--,--,--,--
busterskrine/2495343,"Skrine, Buster",DB,2011,Cleveland Browns,16,--,--,--,--,--,--,--,--,--
torreysmith/2495459,"Smith, Torrey",WR,2017,Philadelphia Eagles,16,1,9,9.0,9,0,0,0,0,0
torreysmith/2495459,"Smith, Torrey",WR,2016,San Francisco 49ers,12,--,--,--,--,--,--,--,--,--
torreysmith/2495459,"Smith, Torrey",WR,2015,San Francisco 49ers,16,--,--,--,--,--,--,--,--,--
torreysmith/2495459,"Smith, Torrey",WR,2014,Baltimore Ravens,16,--,--,--,--,--,--,--,--,--
torreysmith/2495459,"Smith, Torrey",WR,2013,Baltimore Ravens,16,--,--,--,--,--,--,--,--,--
torreysmith/2495459,"Smith, Torrey",WR,2012,Baltimore Ravens,16,--,--,--,--,--,--,--,--,--
torreysmith/2495459,"Smith, Torrey",WR,2011,Baltimore Ravens,16,--,--,--,--,--,--,--,--,--
williesnead/2550256,"Snead, Willie",WR,2017,New Orleans Saints,11,1,0,0.0,0,0,0,0,0,1
williesnead/2550256,"Snead, Willie",WR,2016,New Orleans Saints,15,--,--,--,--,--,--,--,--,--
williesnead/2550256,"Snead, Willie",WR,2015,New Orleans Saints,15,--,--,--,--,--,--,--,--,--
danielsorensen/2550257,"Sorensen, Daniel",DB,2017,Kansas City Chiefs,15,1,0,0.0,0,0,0,0,0,1
danielsorensen/2550257,"Sorensen, Daniel",DB,2016,Kansas City Chiefs,16,--,--,--,--,--,--,--,--,--
danielsorensen/2550257,"Sorensen, Daniel",DB,2015,Kansas City Chiefs,16,--,--,--,--,--,--,--,--,--
danielsorensen/2550257,"Sorensen, Daniel",DB,2014,Kansas City Chiefs,9,--,--,--,--,--,--,--,--,--
darrensproles/2506467,"Sproles, Darren",RB,2017,Philadelphia Eagles,3,1,10,10.0,10,0,0,0,5,1
darrensproles/2506467,"Sproles, Darren",RB,2016,Philadelphia Eagles,15,17,224,13.2,66,0,2,2,13,1
darrensproles/2506467,"Sproles, Darren",RB,2015,Philadelphia Eagles,16,38,446,11.7,89T,2,4,3,18,1
darrensproles/2506467,"Sproles, Darren",RB,2014,Philadelphia Eagles,15,39,506,13.0,82T,2,6,3,16,2
darrensproles/2506467,"Sproles, Darren",RB,2013,New Orleans Saints,15,29,194,6.7,28,0,2,0,21,1
darrensproles/2506467,"Sproles, Darren",RB,2012,New Orleans Saints,13,23,183,8.0,37,0,3,0,14,0
darrensproles/2506467,"Sproles, Darren",RB,2011,New Orleans Saints,16,29,294,10.1,72T,1,5,1,19,0
darrensproles/2506467,"Sproles, Darren",RB,2010,San Diego Chargers,16,24,166,6.9,16,0,0,0,11,1
darrensproles/2506467,"Sproles, Darren",RB,2009,San Diego Chargers,16,26,183,7.0,77T,1,1,1,12,3
darrensproles/2506467,"Sproles, Darren",RB,2008,San Diego Chargers,16,22,249,11.3,43,0,4,1,12,1
darrensproles/2506467,"Sproles, Darren",RB,2007,San Diego Chargers,15,24,229,9.5,45T,1,4,1,2,1
darrensproles/2506467,"Sproles, Darren",RB,2006,San Diego Chargers,0,--,--,--,--,--,--,--,--,--
darrensproles/2506467,"Sproles, Darren",RB,2005,San Diego Chargers,15,18,108,6.0,23,0,1,0,5,1
ryanswitzer/2557960,"Switzer, Ryan",WR,2017,Dallas Cowboys,16,29,256,8.8,83T,1,2,1,10,1
aqibtalib/1302,"Talib, Aqib",DB,2017,Denver Broncos,15,--,--,--,--,--,--,--,--,--
aqibtalib/1302,"Talib, Aqib",DB,2016,Denver Broncos,13,1,1,1.0,1,0,0,0,0,0
aqibtalib/1302,"Talib, Aqib",DB,2015,Denver Broncos,15,--,--,--,--,--,--,--,--,--
aqibtalib/1302,"Talib, Aqib",DB,2014,Denver Broncos,15,--,--,--,--,--,--,--,--,--
aqibtalib/1302,"Talib, Aqib",DB,2013,New England Patriots,13,0,0,--,--,0,0,0,0,0
aqibtalib/1302,"Talib, Aqib",DB,2012,New England Patriots,6,--,--,--,--,--,--,--,--,--
aqibtalib/1302,"Talib, Aqib",DB,2012,Tampa Bay Buccaneers,4,--,--,--,--,--,--,--,--,--
aqibtalib/1302,"Talib, Aqib",DB,2011,Tampa Bay Buccaneers,13,--,--,--,--,--,--,--,--,--
aqibtalib/1302,"Talib, Aqib",DB,2010,Tampa Bay Buccaneers,11,--,--,--,--,--,--,--,--,--
aqibtalib/1302,"Talib, Aqib",DB,2009,Tampa Bay Buccaneers,15,--,--,--,--,--,--,--,--,--
aqibtalib/1302,"Talib, Aqib",DB,2008,Tampa Bay Buccaneers,15,1,0,0.0,0,0,0,0,0,0
brandontate/81306,"Tate, Brandon",WR,2017,Buffalo Bills,13,20,193,9.7,40,0,2,1,6,1
brandontate/81306,"Tate, Brandon",WR,2016,Buffalo Bills,15,26,301,11.6,43,0,8,1,14,0
brandontate/81306,"Tate, Brandon",WR,2015,Cincinnati Bengals,16,27,171,6.3,18,0,0,0,11,1
brandontate/81306,"Tate, Brandon",WR,2014,Cincinnati Bengals,16,18,174,9.7,49,0,2,1,14,1
brandontate/81306,"Tate, Brandon",WR,2013,Cincinnati Bengals,16,36,336,9.3,43,0,3,1,16,1
brandontate/81306,"Tate, Brandon",WR,2012,Cincinnati Bengals,16,21,187,8.9,32,0,2,0,11,2
brandontate/81306,"Tate, Brandon",WR,2011,Cincinnati Bengals,16,51,543,10.6,56T,1,5,2,17,1
brandontate/81306,"Tate, Brandon",WR,2010,New England Patriots,16,1,4,4.0,4,0,0,0,0,0
brandontate/81306,"Tate, Brandon",WR,2009,New England Patriots,2,--,--,--,--,--,--,--,--,--
goldentate/497326,"Tate, Golden",WR,2017,Detroit Lions,16,2,23,11.5,13,0,0,0,2,0
goldentate/497326,"Tate, Golden",WR,2016,Detroit Lions,16,--,--,--,--,--,--,--,--,--
goldentate/497326,"Tate, Golden",WR,2015,Detroit Lions,16,20,149,7.5,23,0,2,0,14,0
goldentate/497326,"Tate, Golden",WR,2014,Detroit Lions,16,--,--,--,--,--,--,--,--,--
goldentate/497326,"Tate, Golden",WR,2013,Seattle Seahawks,16,51,585,11.5,71,0,8,1,14,1
goldentate/497326,"Tate, Golden",WR,2012,Seattle Seahawks,15,0,0,--,--,0,0,0,1,0
goldentate/497326,"Tate, Golden",WR,2011,Seattle Seahawks,16,1,0,0.0,0,0,0,0,0,0
goldentate/497326,"Tate, Golden",WR,2010,Seattle Seahawks,11,16,202,12.6,63,0,3,1,6,1
jordantaylor/2553606,"Taylor, Jordan",WR,2017,Denver Broncos,10,11,103,9.4,24,0,1,0,14,1
jordantaylor/2553606,"Taylor, Jordan",WR,2016,Denver Broncos,16,0,0,--,--,0,0,0,1,0
trenttaylor/2558202,"Taylor, Trent",WR,2017,San Francisco 49ers,15,30,281,9.4,39,0,2,0,16,1
adamthielen/2541785,"Thielen, Adam",WR,2017,Minnesota Vikings,16,--,--,--,--,--,--,--,--,--
adamthielen/2541785,"Thielen, Adam",WR,2016,Minnesota Vikings,16,6,8,1.3,9,0,0,0,3,1
adamthielen/2541785,"Thielen, Adam",WR,2015,Minnesota Vikings,16,--,--,--,--,--,--,--,--,--
adamthielen/2541785,"Thielen, Adam",WR,2014,Minnesota Vikings,16,--,--,--,--,--,--,--,--,--
de'anthonythomas/2543638,"Thomas, De'Anthony",WR,2017,Kansas City Chiefs,16,8,20,2.5,8,0,0,0,0,1
de'anthonythomas/2543638,"Thomas, De'Anthony",WR,2016,Kansas City Chiefs,12,--,--,--,--,--,--,--,--,--
de'anthonythomas/2543638,"Thomas, De'Anthony",WR,2015,Kansas City Chiefs,10,29,227,7.8,37,0,2,0,2,2
de'anthonythomas/2543638,"Thomas, De'Anthony",WR,2014,Kansas City Chiefs,12,34,405,11.9,81T,1,7,2,0,0
earlthomas/2508080,"Thomas, Earl",DB,2017,Seattle Seahawks,14,--,--,--,--,--,--,--,--,--
earlthomas/2508080,"Thomas, Earl",DB,2016,Seattle Seahawks,11,--,--,--,--,--,--,--,--,--
earlthomas/2508080,"Thomas, Earl",DB,2015,Seattle Seahawks,16,--,--,--,--,--,--,--,--,--
earlthomas/2508080,"Thomas, Earl",DB,2014,Seattle Seahawks,16,2,3,1.5,3,0,0,0,0,1
earlthomas/2508080,"Thomas, Earl",DB,2013,Seattle Seahawks,16,--,--,--,--,--,--,--,--,--
earlthomas/2508080,"Thomas, Earl",DB,2012,Seattle Seahawks,16,--,--,--,--,--,--,--,--,--
earlthomas/2508080,"Thomas, Earl",DB,2011,Seattle Seahawks,16,--,--,--,--,--,--,--,--,--
earlthomas/2508080,"Thomas, Earl",DB,2010,Seattle Seahawks,16,--,--,--,--,--,--,--,--,--
christhompson/2540011,"Thompson, Chris",RB,2017,Washington Redskins,10,--,--,--,--,--,--,--,--,--
christhompson/2540011,"Thompson, Chris",RB,2016,Washington Redskins,16,--,--,--,--,--,--,--,--,--
christhompson/2540011,"Thompson, Chris",RB,2015,Washington Redskins,13,--,--,--,--,--,--,--,--,--
christhompson/2540011,"Thompson, Chris",RB,2014,Washington Redskins,2,--,--,--,--,--,--,--,--,--
christhompson/2540011,"Thompson, Chris",RB,2013,Washington Redskins,4,7,36,5.1,11,0,0,0,1,0
christhompson/2559368,"Thompson, Chris",WR,2017,Houston Texans,13,6,39,6.5,15,0,0,0,0,2
brycetreggs/2556697,"Treggs, Bryce",WR,2017,Cleveland Browns,6,5,24,4.8,11,0,0,0,3,1
brycetreggs/2556697,"Treggs, Bryce",WR,2016,Philadelphia Eagles,9,--,--,--,--,--,--,--,--,--
ericweddle/2495775,"Weddle, Eric",DB,2017,Baltimore Ravens,16,--,--,--,--,--,--,--,--,--
ericweddle/2495775,"Weddle, Eric",DB,2016,Baltimore Ravens,16,--,--,--,--,--,--,--,--,--
ericweddle/2495775,"Weddle, Eric",DB,2015,San Diego Chargers,13,--,--,--,--,--,--,--,--,--
ericweddle/2495775,"Weddle, Eric",DB,2014,San Diego Chargers,16,--,--,--,--,--,--,--,--,--
ericweddle/2495775,"Weddle, Eric",DB,2013,San Diego Chargers,16,--,--,--,--,--,--,--,--,--
ericweddle/2495775,"Weddle, Eric",DB,2012,San Diego Chargers,16,7,48,6.9,20,0,1,0,1,3
ericweddle/2495775,"Weddle, Eric",DB,2011,San Diego Chargers,16,--,--,--,--,--,--,--,--,--
ericweddle/2495775,"Weddle, Eric",DB,2010,San Diego Chargers,16,0,0,--,--,0,0,0,2,0
ericweddle/2495775,"Weddle, Eric",DB,2009,San Diego Chargers,13,--,--,--,--,--,--,--,--,--
ericweddle/2495775,"Weddle, Eric",DB,2008,San Diego Chargers,16,1,1,1.0,1,0,0,0,1,0
ericweddle/2495775,"Weddle, Eric",DB,2007,San Diego Chargers,15,--,--,--,--,--,--,--,--,--
dedewestbrook/2557895,"Westbrook, Dede",WR,2017,Jacksonville Jaguars,7,1,19,19.0,19,0,0,0,0,0
griffwhalen/2535876,"Whalen, Griff",WR,2017,Baltimore Ravens,2,1,2,2.0,2,0,0,0,1,0
griffwhalen/2535876,"Whalen, Griff",WR,2016,New England Patriots,0,--,--,--,--,--,--,--,--,--
griffwhalen/2535876,"Whalen, Griff",WR,2016,San Diego Chargers,8,--,--,--,--,--,--,--,--,--
griffwhalen/2535876,"Whalen, Griff",WR,2015,Indianapolis Colts,14,12,85,7.1,22,0,1,0,18,2
griffwhalen/2535876,"Whalen, Griff",WR,2014,Indianapolis Colts,10,26,187,7.2,22,0,1,0,17,2
griffwhalen/2535876,"Whalen, Griff",WR,2013,Indianapolis Colts,9,8,104,13.0,51,0,1,1,7,0
deandrewwhite/2552657,"White, DeAndrew",WR,2017,Houston Texans,2,4,3,0.8,3,0,0,0,1,1
deandrewwhite/2552657,"White, DeAndrew",WR,2015,San Francisco 49ers,4,1,4,4.0,4,0,0,0,0,0
jermainewhitehead/2552697,"Whitehead, Jermaine",SAF,2017,Green Bay Packers,10,1,0,0.0,0,0,0,0,0,0
jermainewhitehead/2552697,"Whitehead, Jermaine",SAF,2016,Green Bay Packers,2,--,--,--,--,--,--,--,--,--
jermainewhitehead/2552697,"Whitehead, Jermaine",SAF,2015,Baltimore Ravens,0,--,--,--,--,--,--,--,--,--
luckywhitehead/2553621,"Whitehead, Lucky",WR,2017,New York Jets,0,--,--,--,--,--,--,--,--,--
luckywhitehead/2553621,"Whitehead, Lucky",WR,2016,Dallas Cowboys,15,25,195,7.8,39,0,2,0,6,1
luckywhitehead/2553621,"Whitehead, Lucky",WR,2015,Dallas Cowboys,15,19,110,5.8,28,0,1,0,4,0
k'waunwilliams/2550654,"Williams, K'Waun",DB,2017,San Francisco 49ers,14,--,--,--,--,--,--,--,--,--
k'waunwilliams/2550654,"Williams, K'Waun",DB,2015,Cleveland Browns,13,--,--,--,--,--,--,--,--,--
k'waunwilliams/2550654,"Williams, K'Waun",DB,2014,Cleveland Browns,13,1,0,0.0,0,0,0,0,0,0
kerwynnwilliams/2539980,"Williams, Kerwynn",RB,2017,Arizona Cardinals,16,21,137,6.5,20,0,1,0,20,0
kerwynnwilliams/2539980,"Williams, Kerwynn",RB,2016,Arizona Cardinals,10,--,--,--,--,--,--,--,--,--
kerwynnwilliams/2539980,"Williams, Kerwynn",RB,2015,Arizona Cardinals,6,--,--,--,--,--,--,--,--,--
kerwynnwilliams/2539980,"Williams, Kerwynn",RB,2014,Arizona Cardinals,5,--,--,--,--,--,--,--,--,--
kerwynnwilliams/2539980,"Williams, Kerwynn",RB,2013,Indianapolis Colts,1,--,--,--,--,--,--,--,--,--
nickwilliams/2540279,"Williams, Nick",WR,2017,Atlanta Falcons,1,--,--,--,--,--,--,--,--,--
nickwilliams/2540279,"Williams, Nick",WR,2016,Atlanta Falcons,2,--,--,--,--,--,--,--,--,--
nickwilliams/2540279,"Williams, Nick",WR,2015,Atlanta Falcons,14,--,--,--,--,--,--,--,--,--
nickwilliams/2540279,"Williams, Nick",WR,2013,Washington Redskins,5,1,0,0.0,0,0,0,0,1,1
tramonwilliams/2506789,"Williams, Tramon",DB,2017,Arizona Cardinals,13,--,--,--,--,--,--,--,--,--
tramonwilliams/2506789,"Williams, Tramon",DB,2016,Cleveland Browns,12,1,0,0.0,0,0,0,0,4,1
tramonwilliams/2506789,"Williams, Tramon",DB,2015,Cleveland Browns,15,1,1,1.0,1,0,0,0,0,0
tramonwilliams/2506789,"Williams, Tramon",DB,2014,Green Bay Packers,16,--,--,--,--,--,--,--,--,--
tramonwilliams/2506789,"Williams, Tramon",DB,2013,Green Bay Packers,16,--,--,--,--,--,--,--,--,--
tramonwilliams/2506789,"Williams, Tramon",DB,2012,Green Bay Packers,16,--,--,--,--,--,--,--,--,--
tramonwilliams/2506789,"Williams, Tramon",DB,2011,Green Bay Packers,15,--,--,--,--,--,--,--,--,--
tramonwilliams/2506789,"Williams, Tramon",DB,2010,Green Bay Packers,16,41,326,8.0,52,0,3,2,19,2
tramonwilliams/2506789,"Williams, Tramon",DB,2009,Green Bay Packers,16,13,135,10.4,45,0,2,1,5,0
tramonwilliams/2506789,"Williams, Tramon",DB,2008,Green Bay Packers,16,--,--,--,--,--,--,--,--,--
tramonwilliams/2506789,"Williams, Tramon",DB,2007,Green Bay Packers,16,6,118,19.7,94T,1,1,1,0,0
tramonwilliams/2506789,"Williams, Tramon",DB,2006,Green Bay Packers,0,--,--,--,--,--,--,--,--,--
vincewilliams/2540221,"Williams, Vince",LB,2017,Pittsburgh Steelers,16,--,--,--,--,--,--,--,--,--
vincewilliams/2540221,"Williams, Vince",LB,2016,Pittsburgh Steelers,16,--,--,--,--,--,--,--,--,--
vincewilliams/2540221,"Williams, Vince",LB,2015,Pittsburgh Steelers,16,--,--,--,--,--,--,--,--,--
vincewilliams/2540221,"Williams, Vince",LB,2014,Pittsburgh Steelers,16,1,0,0.0,0,0,0,0,0,0
vincewilliams/2540221,"Williams, Vince",LB,2013,Pittsburgh Steelers,15,--,--,--,--,--,--,--,--,--
robertwoods/2540169,"Woods, Robert",WR,2017,Los Angeles Rams,12,--,--,--,--,--,--,--,--,--
robertwoods/2540169,"Woods, Robert",WR,2016,Buffalo Bills,13,--,--,--,--,--,--,--,--,--
robertwoods/2540169,"Woods, Robert",WR,2015,Buffalo Bills,14,--,--,--,--,--,--,--,--,--
robertwoods/2540169,"Woods, Robert",WR,2014,Buffalo Bills,16,1,11,11.0,11,0,0,0,0,0
robertwoods/2540169,"Woods, Robert",WR,2013,Buffalo Bills,14,--,--,--,--,--,--,--,--,--
