Player Id,Name,Position,Year,Team,Games Played,Kickoffs,Kickoff Yards,Out of Bounds Kickoffs,Yards Per Kickoff,Touchbacks,Touchback Percentage,Kickoffs Returned,Average Returned Yards,Kickoffs Resulting in TDs,On Sides Kicks,On Sides Kicks Returned
robertoaguayo/2555408,"Aguayo, Roberto",K,2016,Tampa Bay Buccaneers,16,79,"4,993",0,63.2,52,65.8,24,23.7,0,3,0
bryananger/2533000,"Anger, Bryan",P,2017,Tampa Bay Buccaneers,16,--,--,--,--,--,--,--,--,--,--,--
bryananger/2533000,"Anger, Bryan",P,2016,Tampa Bay Buccaneers,16,2,122,1,61.0,0,0.0,1,15.0,0,0,0
bryananger/2533000,"Anger, Bryan",P,2015,Jacksonville Jaguars,16,--,--,--,--,--,--,--,--,--,--,--
bryananger/2533000,"Anger, Bryan",P,2014,Jacksonville Jaguars,16,2,136,0,68.0,0,0.0,2,20.5,0,0,0
bryananger/2533000,"Anger, Bryan",P,2013,Jacksonville Jaguars,16,--,--,--,--,--,--,--,--,--,--,--
bryananger/2533000,"Anger, Bryan",P,2012,Jacksonville Jaguars,16,--,--,--,--,--,--,--,--,--,--,--
danbailey/2495259,"Bailey, Dan",K,2017,Dallas Cowboys,12,56,"3,605",0,64.4,32,57.1,24,21.6,0,0,0
danbailey/2495259,"Bailey, Dan",K,2016,Dallas Cowboys,16,91,"5,827",0,64.0,57,62.6,33,22.6,0,1,0
danbailey/2495259,"Bailey, Dan",K,2015,Dallas Cowboys,16,73,"4,620",0,63.3,49,67.1,23,23.9,1,2,0
danbailey/2495259,"Bailey, Dan",K,2014,Dallas Cowboys,16,98,"6,183",0,63.1,52,53.1,42,21.5,0,3,1
danbailey/2495259,"Bailey, Dan",K,2013,Dallas Cowboys,16,93,"5,905",0,63.5,52,55.9,38,20.8,0,2,1
danbailey/2495259,"Bailey, Dan",K,2012,Dallas Cowboys,16,84,"5,212",1,62.0,30,35.7,50,22.0,1,5,1
danbailey/2495259,"Bailey, Dan",K,2011,Dallas Cowboys,16,67,"4,377",1,65.3,24,35.8,42,21.6,0,0,0
mattbosher/2495124,"Bosher, Matt",P,2017,Atlanta Falcons,16,84,"5,332",0,63.5,49,58.3,33,26.2,0,2,0
mattbosher/2495124,"Bosher, Matt",P,2016,Atlanta Falcons,15,105,"6,781",0,64.6,65,61.9,40,22.6,0,0,0
mattbosher/2495124,"Bosher, Matt",P,2015,Atlanta Falcons,16,76,"4,875",0,64.1,52,68.4,22,27.2,0,2,0
mattbosher/2495124,"Bosher, Matt",P,2014,Atlanta Falcons,16,83,"5,172",0,62.3,46,55.4,36,22.8,0,2,0
mattbosher/2495124,"Bosher, Matt",P,2013,Atlanta Falcons,16,79,"4,902",0,62.1,50,63.3,23,24.8,0,6,3
mattbosher/2495124,"Bosher, Matt",P,2012,Atlanta Falcons,16,94,"6,141",0,65.3,45,47.9,48,22.2,0,1,0
mattbosher/2495124,"Bosher, Matt",P,2011,Atlanta Falcons,16,88,"5,745",1,65.3,25,28.4,60,24.8,0,1,0
chrisboswell/2550545,"Boswell, Chris",K,2017,Pittsburgh Steelers,16,90,"5,720",1,63.6,46,51.1,43,21.1,0,0,0
chrisboswell/2550545,"Boswell, Chris",K,2016,Pittsburgh Steelers,15,80,"5,049",3,63.1,49,61.3,26,24.6,0,2,0
chrisboswell/2550545,"Boswell, Chris",K,2015,Pittsburgh Steelers,12,74,"4,713",1,63.7,26,35.1,47,22.6,0,0,0
mattbryant/2504797,"Bryant, Matt",K,2017,Atlanta Falcons,16,--,--,--,--,--,--,--,--,--,--,--
mattbryant/2504797,"Bryant, Matt",K,2016,Atlanta Falcons,16,--,--,--,--,--,--,--,--,--,--,--
mattbryant/2504797,"Bryant, Matt",K,2015,Atlanta Falcons,10,--,--,--,--,--,--,--,--,--,--,--
mattbryant/2504797,"Bryant, Matt",K,2014,Atlanta Falcons,16,--,--,--,--,--,--,--,--,--,--,--
mattbryant/2504797,"Bryant, Matt",K,2013,Atlanta Falcons,16,0,0,0,--,0,--,0,--,0,0,0
mattbryant/2504797,"Bryant, Matt",K,2012,Atlanta Falcons,16,0,0,0,--,0,--,0,--,0,0,0
mattbryant/2504797,"Bryant, Matt",K,2011,Atlanta Falcons,16,0,0,0,--,0,--,0,--,0,0,0
mattbryant/2504797,"Bryant, Matt",K,2010,Atlanta Falcons,16,--,--,--,--,--,--,--,--,--,--,--
mattbryant/2504797,"Bryant, Matt",K,2009,Atlanta Falcons,5,0,0,0,--,0,--,0,--,0,0,0
mattbryant/2504797,"Bryant, Matt",K,2008,Tampa Bay Buccaneers,16,82,"5,157",1,62.9,6,7.3,74,20.8,0,1,0
mattbryant/2504797,"Bryant, Matt",K,2007,Tampa Bay Buccaneers,16,78,"4,683",1,60.0,6,7.7,67,19.8,1,4,2
mattbryant/2504797,"Bryant, Matt",K,2006,Tampa Bay Buccaneers,16,53,"3,296",2,62.2,4,7.5,46,18.4,0,0,0
mattbryant/2504797,"Bryant, Matt",K,2005,Tampa Bay Buccaneers,15,66,"4,139",1,62.7,5,7.6,60,21.7,1,0,0
mattbryant/2504797,"Bryant, Matt",K,2004,Miami Dolphins,3,12,764,0,63.7,0,0.0,12,18.9,0,0,0
mattbryant/2504797,"Bryant, Matt",K,2004,Indianapolis Colts,1,6,357,0,59.5,0,0.0,6,20.0,0,0,0
mattbryant/2504797,"Bryant, Matt",K,2003,New York Giants,11,39,"2,354",2,60.4,2,5.1,34,20.4,0,1,0
mattbryant/2504797,"Bryant, Matt",K,2002,New York Giants,16,75,"4,528",1,60.4,2,2.7,72,22.5,0,0,0
randybullock/2533444,"Bullock, Randy",K,2017,Cincinnati Bengals,15,65,"4,109",1,63.2,30,46.2,34,23.0,0,0,0
randybullock/2533444,"Bullock, Randy",K,2016,Cincinnati Bengals,3,13,820,0,63.1,8,61.5,5,19.0,0,0,0
randybullock/2533444,"Bullock, Randy",K,2016,Pittsburgh Steelers,1,6,375,0,62.5,3,50.0,3,26.0,0,0,0
randybullock/2533444,"Bullock, Randy",K,2016,New York Giants,1,4,255,0,63.8,3,75.0,1,21.0,0,0,0
randybullock/2533444,"Bullock, Randy",K,2015,New York Jets,8,42,"2,781",1,66.2,20,47.6,21,23.6,0,0,0
randybullock/2533444,"Bullock, Randy",K,2015,Houston Texans,3,14,875,0,62.5,10,71.4,3,30.0,0,1,0
randybullock/2533444,"Bullock, Randy",K,2014,Houston Texans,16,86,"5,626",0,65.4,40,46.5,44,26.0,0,2,0
randybullock/2533444,"Bullock, Randy",K,2013,Houston Texans,16,67,"4,499",0,67.1,29,43.3,38,25.8,0,0,0
harrisonbutker/2558245,"Butker, Harrison",K,2017,Kansas City Chiefs,13,78,"5,006",0,64.2,61,78.2,17,18.7,0,0,0
harrisonbutker/2558245,"Butker, Harrison",K,2017,Carolina Panthers,0,--,--,--,--,--,--,--,--,--,--,--
chandlercatanzaro/2550325,"Catanzaro, Chandler",K,2017,New York Jets,16,71,"4,349",1,61.3,45,63.4,22,20.7,0,4,1
chandlercatanzaro/2550325,"Catanzaro, Chandler",K,2016,Arizona Cardinals,16,83,"5,220",1,62.9,52,62.7,29,23.1,1,2,0
chandlercatanzaro/2550325,"Catanzaro, Chandler",K,2015,Arizona Cardinals,16,99,"6,445",0,65.1,50,50.5,49,24.3,0,0,0
chandlercatanzaro/2550325,"Catanzaro, Chandler",K,2014,Arizona Cardinals,16,76,"5,061",0,66.6,38,50.0,37,26.1,0,1,0
brittoncolquitt/71259,"Colquitt, Britton",P,2017,Cleveland Browns,16,1,64,0,64.0,0,0.0,1,19.0,0,0,0
brittoncolquitt/71259,"Colquitt, Britton",P,2016,Cleveland Browns,16,2,125,0,62.5,0,0.0,2,14.0,0,0,0
brittoncolquitt/71259,"Colquitt, Britton",P,2015,Denver Broncos,16,1,63,0,63.0,0,0.0,1,16.0,0,0,0
brittoncolquitt/71259,"Colquitt, Britton",P,2014,Denver Broncos,16,--,--,--,--,--,--,--,--,--,--,--
brittoncolquitt/71259,"Colquitt, Britton",P,2013,Denver Broncos,16,1,62,0,62.0,0,0.0,1,16.0,0,0,0
brittoncolquitt/71259,"Colquitt, Britton",P,2012,Denver Broncos,16,1,60,0,60.0,0,0.0,1,16.0,0,0,0
brittoncolquitt/71259,"Colquitt, Britton",P,2011,Denver Broncos,16,1,66,0,66.0,0,0.0,1,21.0,0,0,0
brittoncolquitt/71259,"Colquitt, Britton",P,2010,Denver Broncos,16,1,69,0,69.0,0,0.0,1,27.0,0,0,0
brittoncolquitt/71259,"Colquitt, Britton",P,2009,Denver Broncos,0,--,--,--,--,--,--,--,--,--,--,--
dustincolquitt/2506438,"Colquitt, Dustin",P,2017,Kansas City Chiefs,16,1,48,0,48.0,0,0.0,0,--,0,0,0
dustincolquitt/2506438,"Colquitt, Dustin",P,2016,Kansas City Chiefs,16,--,--,--,--,--,--,--,--,--,--,--
dustincolquitt/2506438,"Colquitt, Dustin",P,2015,Kansas City Chiefs,16,--,--,--,--,--,--,--,--,--,--,--
dustincolquitt/2506438,"Colquitt, Dustin",P,2014,Kansas City Chiefs,16,1,71,0,71.0,0,0.0,1,15.0,0,0,0
dustincolquitt/2506438,"Colquitt, Dustin",P,2013,Kansas City Chiefs,16,1,77,0,77.0,0,0.0,1,23.0,0,0,0
dustincolquitt/2506438,"Colquitt, Dustin",P,2012,Kansas City Chiefs,16,--,--,--,--,--,--,--,--,--,--,--
dustincolquitt/2506438,"Colquitt, Dustin",P,2011,Kansas City Chiefs,16,1,57,0,57.0,0,0.0,1,17.0,0,0,0
dustincolquitt/2506438,"Colquitt, Dustin",P,2010,Kansas City Chiefs,16,0,0,0,--,0,--,0,--,0,0,0
dustincolquitt/2506438,"Colquitt, Dustin",P,2009,Kansas City Chiefs,16,1,64,0,64.0,0,0.0,1,19.0,0,0,0
dustincolquitt/2506438,"Colquitt, Dustin",P,2008,Kansas City Chiefs,14,--,--,--,--,--,--,--,--,--,--,--
dustincolquitt/2506438,"Colquitt, Dustin",P,2007,Kansas City Chiefs,16,1,70,0,70.0,0,0.0,1,15.0,0,0,0
dustincolquitt/2506438,"Colquitt, Dustin",P,2006,Kansas City Chiefs,16,--,--,--,--,--,--,--,--,--,--,--
dustincolquitt/2506438,"Colquitt, Dustin",P,2005,Kansas City Chiefs,16,--,--,--,--,--,--,--,--,--,--,--
masoncrosby/2507232,"Crosby, Mason",K,2017,Green Bay Packers,16,68,"4,246",0,62.4,36,52.9,30,22.2,0,2,2
masoncrosby/2507232,"Crosby, Mason",K,2016,Green Bay Packers,16,89,"5,608",1,63.0,46,51.7,41,26.3,1,2,0
masoncrosby/2507232,"Crosby, Mason",K,2015,Green Bay Packers,16,80,"5,069",1,63.4,41,51.2,36,27.1,0,2,1
masoncrosby/2507232,"Crosby, Mason",K,2014,Green Bay Packers,16,102,"6,323",2,62.0,41,40.2,56,24.6,1,3,0
masoncrosby/2507232,"Crosby, Mason",K,2013,Green Bay Packers,16,57,"3,520",1,61.8,13,22.8,42,23.0,0,1,1
masoncrosby/2507232,"Crosby, Mason",K,2012,Green Bay Packers,16,88,"5,741",1,65.2,35,39.8,51,23.4,0,1,1
masoncrosby/2507232,"Crosby, Mason",K,2011,Green Bay Packers,16,108,"7,017",1,65.0,49,45.4,57,23.9,0,2,1
masoncrosby/2507232,"Crosby, Mason",K,2010,Green Bay Packers,16,84,"5,173",3,61.6,4,4.8,76,21.8,0,1,1
masoncrosby/2507232,"Crosby, Mason",K,2009,Green Bay Packers,16,94,"5,907",2,62.8,12,12.8,77,22.7,0,3,1
masoncrosby/2507232,"Crosby, Mason",K,2008,Green Bay Packers,16,92,"5,952",3,64.7,17,18.5,69,23.8,0,3,0
masoncrosby/2507232,"Crosby, Mason",K,2007,Green Bay Packers,16,93,"5,857",1,63.0,14,15.1,77,20.9,0,2,0
phildawson/2500351,"Dawson, Phil",K,2017,Arizona Cardinals,16,76,"4,647",1,61.1,34,44.7,39,22.1,1,2,0
phildawson/2500351,"Dawson, Phil",K,2016,San Francisco 49ers,16,41,"2,328",1,56.8,4,9.8,35,19.6,0,2,0
phildawson/2500351,"Dawson, Phil",K,2015,San Francisco 49ers,16,6,268,0,44.7,0,0.0,4,28.8,0,2,1
phildawson/2500351,"Dawson, Phil",K,2014,San Francisco 49ers,16,73,"4,721",0,64.7,32,43.8,40,22.7,0,1,0
phildawson/2500351,"Dawson, Phil",K,2013,San Francisco 49ers,16,91,"6,011",0,66.1,38,41.8,53,20.4,0,0,0
phildawson/2500351,"Dawson, Phil",K,2012,Cleveland Browns,16,77,"4,914",1,63.8,30,39.0,43,19.8,0,2,0
phildawson/2500351,"Dawson, Phil",K,2011,Cleveland Browns,16,59,"3,728",1,63.2,10,16.9,46,22.9,1,3,1
phildawson/2500351,"Dawson, Phil",K,2010,Cleveland Browns,16,67,"4,057",2,60.6,7,10.4,54,17.8,0,4,0
phildawson/2500351,"Dawson, Phil",K,2009,Cleveland Browns,11,49,"2,941",2,60.0,4,8.2,41,18.1,0,2,1
phildawson/2500351,"Dawson, Phil",K,2008,Cleveland Browns,16,66,"4,249",0,64.4,12,18.2,53,23.2,1,0,0
phildawson/2500351,"Dawson, Phil",K,2007,Cleveland Browns,16,85,"5,221",2,61.4,5,5.9,76,20.9,0,0,0
phildawson/2500351,"Dawson, Phil",K,2006,Cleveland Browns,16,61,"3,887",0,63.7,11,18.0,48,21.9,1,2,0
phildawson/2500351,"Dawson, Phil",K,2005,Cleveland Browns,16,61,"3,653",0,59.9,3,4.9,56,21.1,0,3,0
phildawson/2500351,"Dawson, Phil",K,2004,Cleveland Browns,16,69,"4,172",1,60.5,5,7.2,59,22.6,1,4,1
phildawson/2500351,"Dawson, Phil",K,2003,Cleveland Browns,13,54,"3,255",2,60.3,1,1.9,51,20.4,0,1,0
phildawson/2500351,"Dawson, Phil",K,2002,Cleveland Browns,16,77,"4,597",1,59.7,7,9.1,67,20.4,0,1,1
phildawson/2500351,"Dawson, Phil",K,2001,Cleveland Browns,16,71,"4,068",1,57.3,2,2.8,65,18.7,0,2,0
phildawson/2500351,"Dawson, Phil",K,2000,Cleveland Browns,16,49,"2,966",0,60.5,6,12.2,42,24.1,0,1,0
phildawson/2500351,"Dawson, Phil",K,1999,Cleveland Browns,15,43,"2,308",0,53.7,2,4.7,37,17.3,0,4,1
rileydixon/2555152,"Dixon, Riley",P,2017,Denver Broncos,16,2,118,0,59.0,0,0.0,2,18.5,0,0,0
rileydixon/2555152,"Dixon, Riley",P,2016,Denver Broncos,16,2,100,0,50.0,0,0.0,2,43.0,1,0,0
nateebner/2535132,"Ebner, Nate",DB,2017,New England Patriots,9,--,--,--,--,--,--,--,--,--,--,--
nateebner/2535132,"Ebner, Nate",DB,2016,New England Patriots,16,--,--,--,--,--,--,--,--,--,--,--
nateebner/2535132,"Ebner, Nate",DB,2015,New England Patriots,15,2,35,1,17.5,0,0.0,1,0.0,0,1,0
nateebner/2535132,"Ebner, Nate",DB,2014,New England Patriots,12,--,--,--,--,--,--,--,--,--,--,--
nateebner/2535132,"Ebner, Nate",DB,2013,New England Patriots,15,--,--,--,--,--,--,--,--,--,--,--
nateebner/2535132,"Ebner, Nate",DB,2012,New England Patriots,15,--,--,--,--,--,--,--,--,--,--,--
lacedwards/2555558,"Edwards, Lac",P,2017,New York Jets,16,1,55,0,55.0,0,0.0,1,4.0,0,0,0
lacedwards/2555558,"Edwards, Lac",P,2016,New York Jets,16,--,--,--,--,--,--,--,--,--,--,--
jakeelliott/2558172,"Elliott, Jake",K,2017,Philadelphia Eagles,15,84,"5,258",1,62.6,42,50.0,40,21.4,0,1,1
ka'imifairbairn/2556521,"Fairbairn, Ka'imi",K,2017,Houston Texans,16,75,"4,718",0,62.9,49,65.3,26,20.8,0,1,0
samficken/2557430,"Ficken, Sam",K,2017,Los Angeles Rams,2,8,511,0,63.9,5,62.5,3,36.3,0,0,0
kaiforbath/2495150,"Forbath, Kai",K,2017,Minnesota Vikings,16,88,"5,587",0,63.5,44,50.0,44,22.9,0,0,0
kaiforbath/2495150,"Forbath, Kai",K,2016,Minnesota Vikings,7,38,"2,363",0,62.2,19,50.0,17,25.4,0,2,1
kaiforbath/2495150,"Forbath, Kai",K,2015,New Orleans Saints,10,49,"3,209",0,65.5,21,42.9,28,26.6,0,0,0
kaiforbath/2495150,"Forbath, Kai",K,2015,Washington Redskins,1,3,201,0,67.0,1,33.3,2,27.0,0,0,0
kaiforbath/2495150,"Forbath, Kai",K,2014,Washington Redskins,16,54,"3,312",0,61.3,18,33.3,34,23.1,0,2,0
kaiforbath/2495150,"Forbath, Kai",K,2013,Washington Redskins,13,57,"3,434",0,60.2,14,24.6,41,23.2,1,2,0
kaiforbath/2495150,"Forbath, Kai",K,2012,Washington Redskins,11,62,"3,916",1,63.2,15,24.2,45,23.3,0,1,0
grahamgano/71309,"Gano, Graham",K,2017,Carolina Panthers,16,83,"5,313",1,64.0,70,84.3,12,21.2,0,1,0
grahamgano/71309,"Gano, Graham",K,2016,Carolina Panthers,16,86,"5,495",0,63.9,63,73.3,22,18.1,0,1,0
grahamgano/71309,"Gano, Graham",K,2015,Carolina Panthers,16,102,"6,706",0,65.7,69,67.6,33,27.0,1,0,0
grahamgano/71309,"Gano, Graham",K,2014,Carolina Panthers,16,79,"5,196",0,65.8,61,77.2,18,32.4,0,0,0
grahamgano/71309,"Gano, Graham",K,2013,Carolina Panthers,16,80,"5,202",0,65.0,63,78.8,16,23.4,0,1,0
grahamgano/71309,"Gano, Graham",K,2012,Carolina Panthers,6,35,"2,380",0,68.0,20,57.1,15,24.0,0,0,0
grahamgano/71309,"Gano, Graham",K,2011,Washington Redskins,16,73,"4,629",3,63.4,32,43.8,36,20.8,0,3,0
grahamgano/71309,"Gano, Graham",K,2010,Washington Redskins,16,71,"4,678",1,65.9,9,12.7,61,19.0,0,0,0
grahamgano/71309,"Gano, Graham",K,2009,Washington Redskins,4,16,"1,035",0,64.7,3,18.8,13,20.4,0,0,0
zanegonzalez/2558178,"Gonzalez, Zane",K,2017,Cleveland Browns,16,56,"3,286",0,58.7,33,58.9,19,23.8,1,4,0
stephengostkowski/2506922,"Gostkowski, Stephen",K,2017,New England Patriots,16,99,"6,228",0,62.9,40,40.4,58,18.9,0,1,0
stephengostkowski/2506922,"Gostkowski, Stephen",K,2016,New England Patriots,16,93,"5,961",1,64.1,52,55.9,40,19.3,0,0,0
stephengostkowski/2506922,"Gostkowski, Stephen",K,2015,New England Patriots,16,99,"6,249",0,63.1,69,69.7,28,18.8,0,2,2
stephengostkowski/2506922,"Gostkowski, Stephen",K,2014,New England Patriots,16,99,"6,362",1,64.3,53,53.5,45,21.2,0,0,0
stephengostkowski/2506922,"Gostkowski, Stephen",K,2013,New England Patriots,16,99,"6,398",1,64.6,65,65.7,32,20.8,0,1,1
stephengostkowski/2506922,"Gostkowski, Stephen",K,2012,New England Patriots,16,111,"7,214",0,65.0,52,46.8,59,20.7,0,1,0
stephengostkowski/2506922,"Gostkowski, Stephen",K,2011,New England Patriots,16,103,"6,757",2,65.6,41,39.8,59,21.6,0,2,0
stephengostkowski/2506922,"Gostkowski, Stephen",K,2010,New England Patriots,8,42,"2,851",1,67.9,15,35.7,25,24.5,1,0,0
stephengostkowski/2506922,"Gostkowski, Stephen",K,2009,New England Patriots,16,91,"6,174",0,67.8,21,23.1,70,24.4,0,0,0
stephengostkowski/2506922,"Gostkowski, Stephen",K,2008,New England Patriots,16,95,"6,083",1,64.0,17,17.9,75,22.3,2,1,0
stephengostkowski/2506922,"Gostkowski, Stephen",K,2007,New England Patriots,16,112,"7,220",3,64.5,15,13.4,92,22.1,1,0,0
stephengostkowski/2506922,"Gostkowski, Stephen",K,2006,New England Patriots,16,81,"5,307",1,65.5,12,14.8,67,23.0,0,1,0
robbiegould/2506264,"Gould, Robbie",K,2017,San Francisco 49ers,16,4,101,0,25.3,0,0.0,2,1.0,0,2,1
robbiegould/2506264,"Gould, Robbie",K,2016,New York Giants,10,43,"2,704",1,62.9,19,44.2,22,24.5,0,1,0
robbiegould/2506264,"Gould, Robbie",K,2015,Chicago Bears,16,83,"5,036",1,60.7,39,47.0,39,25.2,2,4,1
robbiegould/2506264,"Gould, Robbie",K,2014,Chicago Bears,12,53,"3,227",1,60.9,21,39.6,28,18.7,0,2,0
robbiegould/2506264,"Gould, Robbie",K,2013,Chicago Bears,16,89,"5,258",1,59.1,38,42.7,46,19.3,1,4,0
robbiegould/2506264,"Gould, Robbie",K,2012,Chicago Bears,13,66,"4,329",0,65.6,38,57.6,28,20.9,0,1,0
robbiegould/2506264,"Gould, Robbie",K,2011,Chicago Bears,16,81,"5,204",3,64.2,43,53.1,34,24.9,0,2,0
robbiegould/2506264,"Gould, Robbie",K,2010,Chicago Bears,16,77,"4,965",2,64.5,16,20.8,58,24.0,0,1,0
robbiegould/2506264,"Gould, Robbie",K,2009,Chicago Bears,16,73,"4,797",1,65.7,8,11.0,64,24.3,0,0,0
robbiegould/2506264,"Gould, Robbie",K,2008,Chicago Bears,16,79,"5,134",0,65.0,9,11.4,68,24.4,0,1,0
robbiegould/2506264,"Gould, Robbie",K,2007,Chicago Bears,16,79,"4,698",4,59.5,3,3.8,71,19.3,1,3,0
robbiegould/2506264,"Gould, Robbie",K,2006,Chicago Bears,16,95,"6,187",1,65.1,11,11.6,83,20.8,0,0,0
robbiegould/2506264,"Gould, Robbie",K,2005,Chicago Bears,13,54,"3,321",0,61.5,1,1.9,53,18.8,0,0,0
kamugrugier-hill/2556363,"Grugier-Hill, Kamu",LB,2017,Philadelphia Eagles,16,4,248,0,62.0,1,25.0,3,27.0,0,0,0
kamugrugier-hill/2556363,"Grugier-Hill, Kamu",LB,2016,Philadelphia Eagles,12,--,--,--,--,--,--,--,--,--,--,--
stephenhauschka/2507374,"Hauschka, Stephen",K,2017,Buffalo Bills,16,74,"4,365",0,59.0,37,50.0,31,22.0,0,6,1
stephenhauschka/2507374,"Hauschka, Stephen",K,2016,Seattle Seahawks,16,86,"5,477",0,63.7,54,62.8,31,20.7,0,1,0
stephenhauschka/2507374,"Hauschka, Stephen",K,2015,Seattle Seahawks,16,91,"5,869",1,64.5,47,51.6,41,25.6,1,3,0
stephenhauschka/2507374,"Hauschka, Stephen",K,2014,Seattle Seahawks,16,88,"5,728",0,65.1,46,52.3,42,24.1,0,0,0
stephenhauschka/2507374,"Hauschka, Stephen",K,2013,Seattle Seahawks,16,94,"6,185",1,65.8,48,51.1,44,24.0,0,0,0
stephenhauschka/2507374,"Hauschka, Stephen",K,2012,Seattle Seahawks,16,87,"5,729",0,65.9,36,41.4,49,23.1,0,2,0
stephenhauschka/2507374,"Hauschka, Stephen",K,2011,Seattle Seahawks,16,75,"4,969",1,66.3,26,34.7,48,26.0,1,0,0
stephenhauschka/2507374,"Hauschka, Stephen",K,2010,Denver Broncos,4,20,"1,224",0,61.2,2,10.0,16,23.7,0,2,1
stephenhauschka/2507374,"Hauschka, Stephen",K,2009,Atlanta Falcons,0,--,--,--,--,--,--,--,--,--,--,--
stephenhauschka/2507374,"Hauschka, Stephen",K,2009,Baltimore Ravens,9,46,"3,021",1,65.7,3,6.5,42,20.1,0,0,0
stephenhauschka/2507374,"Hauschka, Stephen",K,2008,Baltimore Ravens,8,43,"2,832",0,65.9,4,9.3,39,22.7,1,0,0
jeffheath/2541832,"Heath, Jeff",DB,2017,Dallas Cowboys,15,5,308,0,61.6,2,40.0,3,16.7,0,0,0
jeffheath/2541832,"Heath, Jeff",DB,2016,Dallas Cowboys,16,--,--,--,--,--,--,--,--,--,--,--
jeffheath/2541832,"Heath, Jeff",DB,2015,Dallas Cowboys,16,--,--,--,--,--,--,--,--,--,--,--
jeffheath/2541832,"Heath, Jeff",DB,2014,Dallas Cowboys,14,--,--,--,--,--,--,--,--,--,--,--
jeffheath/2541832,"Heath, Jeff",DB,2013,Dallas Cowboys,16,--,--,--,--,--,--,--,--,--,--,--
johnnyhekker/2535663,"Hekker, Johnny",P,2017,Los Angeles Rams,16,--,--,--,--,--,--,--,--,--,--,--
johnnyhekker/2535663,"Hekker, Johnny",P,2016,Los Angeles Rams,16,--,--,--,--,--,--,--,--,--,--,--
johnnyhekker/2535663,"Hekker, Johnny",P,2015,St. Louis Rams,16,2,133,0,66.5,1,50.0,1,0.0,0,0,0
johnnyhekker/2535663,"Hekker, Johnny",P,2014,St. Louis Rams,16,2,30,1,15.0,0,0.0,0,--,0,2,0
johnnyhekker/2535663,"Hekker, Johnny",P,2013,St. Louis Rams,16,3,69,1,23.0,0,0.0,1,-5.0,0,2,0
johnnyhekker/2535663,"Hekker, Johnny",P,2012,St. Louis Rams,16,1,9,0,9.0,0,0.0,0,--,0,1,0
dustinhopkins/2539227,"Hopkins, Dustin",K,2017,Washington Redskins,8,40,"2,574",0,64.4,29,72.5,11,17.4,0,0,0
dustinhopkins/2539227,"Hopkins, Dustin",K,2016,Washington Redskins,16,92,"5,790",1,62.9,65,70.7,25,21.4,1,2,0
dustinhopkins/2539227,"Hopkins, Dustin",K,2015,Washington Redskins,15,80,"4,967",1,62.1,52,65.0,25,19.7,0,4,1
dustinhopkins/2539227,"Hopkins, Dustin",K,2013,Buffalo Bills,0,--,--,--,--,--,--,--,--,--,--,--
kevinhuber/71333,"Huber, Kevin",P,2017,Cincinnati Bengals,16,--,--,--,--,--,--,--,--,--,--,--
kevinhuber/71333,"Huber, Kevin",P,2016,Cincinnati Bengals,16,1,64,0,64.0,0,0.0,1,16.0,0,0,0
kevinhuber/71333,"Huber, Kevin",P,2015,Cincinnati Bengals,16,--,--,--,--,--,--,--,--,--,--,--
kevinhuber/71333,"Huber, Kevin",P,2014,Cincinnati Bengals,16,--,--,--,--,--,--,--,--,--,--,--
kevinhuber/71333,"Huber, Kevin",P,2013,Cincinnati Bengals,14,--,--,--,--,--,--,--,--,--,--,--
kevinhuber/71333,"Huber, Kevin",P,2012,Cincinnati Bengals,16,--,--,--,--,--,--,--,--,--,--,--
kevinhuber/71333,"Huber, Kevin",P,2011,Cincinnati Bengals,16,--,--,--,--,--,--,--,--,--,--,--
kevinhuber/71333,"Huber, Kevin",P,2010,Cincinnati Bengals,16,1,62,0,62.0,0,0.0,1,7.0,0,0,0
kevinhuber/71333,"Huber, Kevin",P,2009,Cincinnati Bengals,16,--,--,--,--,--,--,--,--,--,--,--
sebastianjanikowski/2504257,"Janikowski, Sebastian",K,2016,Oakland Raiders,16,88,"5,630",0,64.0,43,48.9,45,19.9,0,0,0
sebastianjanikowski/2504257,"Janikowski, Sebastian",K,2015,Oakland Raiders,16,79,"4,990",1,63.2,44,55.7,33,22.9,1,2,0
sebastianjanikowski/2504257,"Janikowski, Sebastian",K,2014,Oakland Raiders,16,61,"3,723",1,61.0,34,55.7,21,32.5,0,6,0
sebastianjanikowski/2504257,"Janikowski, Sebastian",K,2013,Oakland Raiders,16,74,"4,477",1,60.5,38,51.4,30,20.4,0,5,0
sebastianjanikowski/2504257,"Janikowski, Sebastian",K,2012,Oakland Raiders,16,73,"4,565",2,62.5,38,52.1,30,28.9,2,7,0
sebastianjanikowski/2504257,"Janikowski, Sebastian",K,2011,Oakland Raiders,15,80,"5,060",0,63.3,32,40.0,46,25.7,1,2,0
sebastianjanikowski/2504257,"Janikowski, Sebastian",K,2010,Oakland Raiders,16,93,"6,091",1,65.5,29,31.2,61,23.1,1,1,0
sebastianjanikowski/2504257,"Janikowski, Sebastian",K,2009,Oakland Raiders,16,58,"3,819",0,65.8,17,29.3,41,24.0,0,0,0
sebastianjanikowski/2504257,"Janikowski, Sebastian",K,2008,Oakland Raiders,16,67,"4,394",0,65.6,22,32.8,43,24.6,1,2,1
sebastianjanikowski/2504257,"Janikowski, Sebastian",K,2007,Oakland Raiders,16,67,"4,365",1,65.1,22,32.8,42,22.5,1,2,1
sebastianjanikowski/2504257,"Janikowski, Sebastian",K,2006,Oakland Raiders,16,50,"3,238",1,64.8,7,14.0,41,28.7,0,1,0
sebastianjanikowski/2504257,"Janikowski, Sebastian",K,2005,Oakland Raiders,16,67,"4,146",2,61.9,11,16.4,53,24.5,0,2,0
sebastianjanikowski/2504257,"Janikowski, Sebastian",K,2004,Oakland Raiders,16,76,"4,871",0,64.1,12,15.8,62,23.5,0,1,0
sebastianjanikowski/2504257,"Janikowski, Sebastian",K,2003,Oakland Raiders,16,66,"4,150",2,62.9,7,10.6,57,25.9,0,0,0
sebastianjanikowski/2504257,"Janikowski, Sebastian",K,2002,Oakland Raiders,16,97,"6,460",1,66.6,22,22.7,74,24.7,1,0,0
sebastianjanikowski/2504257,"Janikowski, Sebastian",K,2001,Oakland Raiders,15,82,"5,250",1,64.0,12,14.6,69,22.5,1,0,0
sebastianjanikowski/2504257,"Janikowski, Sebastian",K,2000,Oakland Raiders,14,82,"5,313",1,64.8,14,17.1,67,21.4,0,0,0
chrisjones/2539987,"Jones, Chris",P,2017,Dallas Cowboys,16,--,--,--,--,--,--,--,--,--,--,--
chrisjones/2539987,"Jones, Chris",P,2016,Dallas Cowboys,16,--,--,--,--,--,--,--,--,--,--,--
chrisjones/2539987,"Jones, Chris",P,2015,Dallas Cowboys,16,--,--,--,--,--,--,--,--,--,--,--
chrisjones/2539987,"Jones, Chris",P,2014,Dallas Cowboys,16,1,57,0,57.0,0,0.0,1,16.0,0,0,0
chrisjones/2539987,"Jones, Chris",P,2013,Dallas Cowboys,16,--,--,--,--,--,--,--,--,--,--,--
chrisjones/2539987,"Jones, Chris",P,2012,Dallas Cowboys,4,--,--,--,--,--,--,--,--,--,--,--
chrisjones/2539987,"Jones, Chris",P,2011,Dallas Cowboys,2,--,--,--,--,--,--,--,--,--,--,--
drewkaser/2555151,"Kaser, Drew",P,2017,Los Angeles Chargers,16,7,449,0,64.1,2,28.6,5,26.0,0,0,0
drewkaser/2555151,"Kaser, Drew",P,2016,San Diego Chargers,16,1,60,0,60.0,0,0.0,1,31.0,0,0,0
brettkern/4263,"Kern, Brett",P,2017,Tennessee Titans,16,--,--,--,--,--,--,--,--,--,--,--
brettkern/4263,"Kern, Brett",P,2016,Tennessee Titans,16,1,59,0,59.0,0,0.0,1,10.0,0,0,0
brettkern/4263,"Kern, Brett",P,2015,Tennessee Titans,16,--,--,--,--,--,--,--,--,--,--,--
brettkern/4263,"Kern, Brett",P,2014,Tennessee Titans,16,2,119,0,59.5,0,0.0,2,16.0,0,0,0
brettkern/4263,"Kern, Brett",P,2013,Tennessee Titans,16,3,181,0,60.3,0,0.0,3,18.7,0,0,0
brettkern/4263,"Kern, Brett",P,2012,Tennessee Titans,16,--,--,--,--,--,--,--,--,--,--,--
brettkern/4263,"Kern, Brett",P,2011,Tennessee Titans,16,--,--,--,--,--,--,--,--,--,--,--
brettkern/4263,"Kern, Brett",P,2010,Tennessee Titans,16,--,--,--,--,--,--,--,--,--,--,--
brettkern/4263,"Kern, Brett",P,2009,Tennessee Titans,10,--,--,--,--,--,--,--,--,--,--,--
brettkern/4263,"Kern, Brett",P,2009,Denver Broncos,6,--,--,--,--,--,--,--,--,--,--,--
brettkern/4263,"Kern, Brett",P,2008,Denver Broncos,16,1,43,1,43.0,0,0.0,0,--,0,0,0
marquetteking/2534819,"King, Marquette",P,2017,Oakland Raiders,16,--,--,--,--,--,--,--,--,--,--,--
marquetteking/2534819,"King, Marquette",P,2016,Oakland Raiders,16,--,--,--,--,--,--,--,--,--,--,--
marquetteking/2534819,"King, Marquette",P,2015,Oakland Raiders,16,2,123,0,61.5,0,0.0,2,20.0,0,0,0
marquetteking/2534819,"King, Marquette",P,2014,Oakland Raiders,16,--,--,--,--,--,--,--,--,--,--,--
marquetteking/2534819,"King, Marquette",P,2013,Oakland Raiders,16,--,--,--,--,--,--,--,--,--,--,--
samkoch/2506969,"Koch, Sam",P,2017,Baltimore Ravens,16,--,--,--,--,--,--,--,--,--,--,--
samkoch/2506969,"Koch, Sam",P,2016,Baltimore Ravens,16,1,65,0,65.0,0,0.0,1,19.0,0,0,0
samkoch/2506969,"Koch, Sam",P,2015,Baltimore Ravens,16,--,--,--,--,--,--,--,--,--,--,--
samkoch/2506969,"Koch, Sam",P,2014,Baltimore Ravens,16,--,--,--,--,--,--,--,--,--,--,--
samkoch/2506969,"Koch, Sam",P,2013,Baltimore Ravens,16,--,--,--,--,--,--,--,--,--,--,--
samkoch/2506969,"Koch, Sam",P,2012,Baltimore Ravens,16,1,64,0,64.0,0,0.0,1,17.0,0,0,0
samkoch/2506969,"Koch, Sam",P,2011,Baltimore Ravens,16,2,113,0,56.5,1,50.0,1,25.0,0,0,0
samkoch/2506969,"Koch, Sam",P,2010,Baltimore Ravens,16,--,--,--,--,--,--,--,--,--,--,--
samkoch/2506969,"Koch, Sam",P,2009,Baltimore Ravens,16,--,--,--,--,--,--,--,--,--,--,--
samkoch/2506969,"Koch, Sam",P,2008,Baltimore Ravens,16,--,--,--,--,--,--,--,--,--,--,--
samkoch/2506969,"Koch, Sam",P,2007,Baltimore Ravens,16,2,65,0,32.5,0,0.0,2,10.5,0,1,0
samkoch/2506969,"Koch, Sam",P,2006,Baltimore Ravens,16,10,632,0,63.2,0,0.0,10,25.1,0,0,0
marshallkoehn/2556577,"Koehn, Marshall",K,2017,Cincinnati Bengals,1,2,139,0,69.5,1,50.0,1,29.0,0,0,0
joshlambo/2553833,"Lambo, Josh",K,2017,Jacksonville Jaguars,10,57,"3,322",1,58.3,22,38.6,32,18.8,0,2,1
joshlambo/2553833,"Lambo, Josh",K,2016,San Diego Chargers,16,91,"5,762",2,63.3,67,73.6,20,23.7,0,2,0
joshlambo/2553833,"Lambo, Josh",K,2015,San Diego Chargers,16,75,"4,783",0,63.8,41,54.7,31,27.9,0,3,0
shanelechler/2504319,"Lechler, Shane",P,2017,Houston Texans,16,1,46,0,46.0,0,0.0,1,5.0,0,0,0
shanelechler/2504319,"Lechler, Shane",P,2016,Houston Texans,16,--,--,--,--,--,--,--,--,--,--,--
shanelechler/2504319,"Lechler, Shane",P,2015,Houston Texans,16,--,--,--,--,--,--,--,--,--,--,--
shanelechler/2504319,"Lechler, Shane",P,2014,Houston Texans,16,1,67,0,67.0,0,0.0,1,25.0,0,0,0
shanelechler/2504319,"Lechler, Shane",P,2013,Houston Texans,16,1,68,0,68.0,0,0.0,1,22.0,0,0,0
shanelechler/2504319,"Lechler, Shane",P,2012,Oakland Raiders,16,--,--,--,--,--,--,--,--,--,--,--
shanelechler/2504319,"Lechler, Shane",P,2011,Oakland Raiders,16,--,--,--,--,--,--,--,--,--,--,--
shanelechler/2504319,"Lechler, Shane",P,2010,Oakland Raiders,16,--,--,--,--,--,--,--,--,--,--,--
shanelechler/2504319,"Lechler, Shane",P,2009,Oakland Raiders,16,1,75,0,75.0,0,0.0,1,95.0,1,0,0
shanelechler/2504319,"Lechler, Shane",P,2008,Oakland Raiders,16,1,65,0,65.0,0,0.0,1,16.0,0,0,0
shanelechler/2504319,"Lechler, Shane",P,2007,Oakland Raiders,16,1,53,0,53.0,0,0.0,1,20.0,0,0,0
shanelechler/2504319,"Lechler, Shane",P,2006,Oakland Raiders,16,1,67,0,67.0,0,0.0,1,25.0,0,0,0
shanelechler/2504319,"Lechler, Shane",P,2005,Oakland Raiders,16,3,205,0,68.3,0,0.0,3,22.7,0,0,0
shanelechler/2504319,"Lechler, Shane",P,2004,Oakland Raiders,16,--,--,--,--,--,--,--,--,--,--,--
shanelechler/2504319,"Lechler, Shane",P,2003,Oakland Raiders,16,--,--,--,--,--,--,--,--,--,--,--
shanelechler/2504319,"Lechler, Shane",P,2002,Oakland Raiders,14,--,--,--,--,--,--,--,--,--,--,--
shanelechler/2504319,"Lechler, Shane",P,2001,Oakland Raiders,16,--,--,--,--,--,--,--,--,--,--,--
shanelechler/2504319,"Lechler, Shane",P,2000,Oakland Raiders,16,9,566,0,62.9,1,11.1,8,20.5,0,0,0
andylee/2506017,"Lee, Andy",P,2017,Arizona Cardinals,16,1,68,0,68.0,0,0.0,1,17.0,0,0,0
andylee/2506017,"Lee, Andy",P,2016,Carolina Panthers,9,1,71,0,71.0,0,0.0,1,18.0,0,0,0
andylee/2506017,"Lee, Andy",P,2015,Cleveland Browns,16,--,--,--,--,--,--,--,--,--,--,--
andylee/2506017,"Lee, Andy",P,2014,San Francisco 49ers,16,--,--,--,--,--,--,--,--,--,--,--
andylee/2506017,"Lee, Andy",P,2013,San Francisco 49ers,16,1,53,0,53.0,0,0.0,1,24.0,0,0,0
andylee/2506017,"Lee, Andy",P,2012,San Francisco 49ers,16,1,63,0,63.0,0,0.0,1,13.0,0,0,0
andylee/2506017,"Lee, Andy",P,2011,San Francisco 49ers,16,1,51,0,51.0,0,0.0,1,4.0,0,0,0
andylee/2506017,"Lee, Andy",P,2010,San Francisco 49ers,16,2,100,0,50.0,0,0.0,2,14.5,0,0,0
andylee/2506017,"Lee, Andy",P,2009,San Francisco 49ers,16,--,--,--,--,--,--,--,--,--,--,--
andylee/2506017,"Lee, Andy",P,2008,San Francisco 49ers,16,2,123,0,61.5,0,0.0,2,16.0,0,0,0
andylee/2506017,"Lee, Andy",P,2007,San Francisco 49ers,16,--,--,--,--,--,--,--,--,--,--,--
andylee/2506017,"Lee, Andy",P,2006,San Francisco 49ers,16,--,--,--,--,--,--,--,--,--,--,--
andylee/2506017,"Lee, Andy",P,2005,San Francisco 49ers,16,--,--,--,--,--,--,--,--,--,--,--
andylee/2506017,"Lee, Andy",P,2004,San Francisco 49ers,16,--,--,--,--,--,--,--,--,--,--,--
jefflocke/2540237,"Locke, Jeff",P,2017,Detroit Lions,5,23,"1,485",0,64.6,16,69.6,7,25.7,0,0,0
jefflocke/2540237,"Locke, Jeff",P,2016,Minnesota Vikings,16,--,--,--,--,--,--,--,--,--,--,--
jefflocke/2540237,"Locke, Jeff",P,2015,Minnesota Vikings,16,1,44,0,44.0,0,0.0,1,6.0,0,0,0
jefflocke/2540237,"Locke, Jeff",P,2014,Minnesota Vikings,16,1,50,0,50.0,0,0.0,1,5.0,0,0,0
jefflocke/2540237,"Locke, Jeff",P,2013,Minnesota Vikings,16,4,259,0,64.8,1,25.0,3,14.0,0,0,0
willutz/2556601,"Lutz, Wil",K,2017,New Orleans Saints,16,94,"6,011",1,63.9,58,61.7,32,24.6,0,3,0
willutz/2556601,"Lutz, Wil",K,2016,New Orleans Saints,16,93,"5,693",1,61.2,49,52.7,40,22.5,0,4,1
sammartin/2541311,"Martin, Sam",P,2017,Detroit Lions,10,50,"3,242",0,64.8,25,50.0,25,21.0,0,0,0
sammartin/2541311,"Martin, Sam",P,2016,Detroit Lions,16,78,"4,817",1,61.8,52,66.7,22,21.0,0,3,0
sammartin/2541311,"Martin, Sam",P,2015,Detroit Lions,16,73,"4,603",1,63.1,40,54.8,29,26.3,0,4,1
sammartin/2541311,"Martin, Sam",P,2014,Detroit Lions,16,75,"4,826",1,64.3,53,70.7,20,27.2,0,1,0
sammartin/2541311,"Martin, Sam",P,2013,Detroit Lions,16,70,"4,708",3,67.3,38,54.3,29,26.1,0,0,0
brandonmcmanus/2541556,"McManus, Brandon",K,2017,Denver Broncos,16,71,"4,191",0,59.0,45,63.4,20,23.0,1,6,0
brandonmcmanus/2541556,"McManus, Brandon",K,2016,Denver Broncos,16,79,"4,869",1,61.6,51,64.6,24,18.3,0,3,1
brandonmcmanus/2541556,"McManus, Brandon",K,2015,Denver Broncos,16,81,"5,046",0,62.3,55,67.9,24,20.5,0,3,0
brandonmcmanus/2541556,"McManus, Brandon",K,2014,Denver Broncos,15,91,"5,981",0,65.7,64,70.3,27,26.1,0,0,0
thomasmorstead/71407,"Morstead, Thomas",P,2017,New Orleans Saints,16,1,65,0,65.0,1,100.0,0,--,0,0,0
thomasmorstead/71407,"Morstead, Thomas",P,2016,New Orleans Saints,16,--,--,--,--,--,--,--,--,--,--,--
thomasmorstead/71407,"Morstead, Thomas",P,2015,New Orleans Saints,14,23,"1,455",0,63.3,16,69.6,6,25.5,0,1,0
thomasmorstead/71407,"Morstead, Thomas",P,2014,New Orleans Saints,16,79,"5,253",0,66.5,40,50.6,39,26.4,0,0,0
thomasmorstead/71407,"Morstead, Thomas",P,2013,New Orleans Saints,16,86,"5,600",0,65.1,52,60.5,33,25.2,0,1,1
thomasmorstead/71407,"Morstead, Thomas",P,2012,New Orleans Saints,16,90,"5,863",1,65.1,45,50.0,42,25.0,1,2,0
thomasmorstead/71407,"Morstead, Thomas",P,2011,New Orleans Saints,16,105,"6,944",0,66.1,68,64.8,36,25.8,1,1,0
thomasmorstead/71407,"Morstead, Thomas",P,2010,New Orleans Saints,16,49,"3,331",0,68.0,10,20.4,39,24.4,0,0,0
thomasmorstead/71407,"Morstead, Thomas",P,2009,New Orleans Saints,16,101,"6,842",2,67.7,27,26.7,72,24.7,0,0,0
jasonmyers/2553112,"Myers, Jason",K,2017,Jacksonville Jaguars,6,35,"2,151",1,61.5,26,74.3,8,27.0,1,1,0
jasonmyers/2553112,"Myers, Jason",K,2016,Jacksonville Jaguars,16,76,"4,670",2,61.4,60,78.9,12,21.8,0,4,0
jasonmyers/2553112,"Myers, Jason",K,2015,Jacksonville Jaguars,16,84,"5,247",4,62.5,55,65.5,23,24.0,0,5,0
mikenugent/2506386,"Nugent, Mike",K,2017,Chicago Bears,4,17,"1,016",0,59.8,7,41.2,10,15.7,0,0,0
mikenugent/2506386,"Nugent, Mike",K,2017,Dallas Cowboys,4,19,"1,246",0,65.6,11,57.9,8,23.8,0,0,0
mikenugent/2506386,"Nugent, Mike",K,2016,Cincinnati Bengals,13,63,"3,970",0,63.0,28,44.4,34,22.9,0,1,0
mikenugent/2506386,"Nugent, Mike",K,2015,Cincinnati Bengals,16,89,"5,786",0,65.0,42,47.2,46,22.6,0,1,0
mikenugent/2506386,"Nugent, Mike",K,2014,Cincinnati Bengals,16,81,"5,316",0,65.6,37,45.7,44,25.5,0,1,0
mikenugent/2506386,"Nugent, Mike",K,2013,Cincinnati Bengals,16,86,"5,496",1,63.9,32,37.2,52,23.4,0,1,0
mikenugent/2506386,"Nugent, Mike",K,2012,Cincinnati Bengals,12,65,"4,326",0,66.6,21,32.3,43,26.0,1,1,0
mikenugent/2506386,"Nugent, Mike",K,2011,Cincinnati Bengals,16,80,"5,317",0,66.5,36,45.0,44,20.8,0,0,0
mikenugent/2506386,"Nugent, Mike",K,2010,Cincinnati Bengals,9,44,"2,786",0,63.3,7,15.9,34,26.5,1,3,1
mikenugent/2506386,"Nugent, Mike",K,2009,Arizona Cardinals,2,12,712,0,59.3,0,0.0,12,20.8,0,0,0
mikenugent/2506386,"Nugent, Mike",K,2009,Tampa Bay Buccaneers,4,12,725,0,60.4,2,16.7,9,21.3,0,1,0
mikenugent/2506386,"Nugent, Mike",K,2008,New York Jets,1,3,158,0,52.7,0,0.0,3,16.3,0,0,0
mikenugent/2506386,"Nugent, Mike",K,2007,New York Jets,16,65,"3,970",2,61.1,9,13.8,51,24.9,1,5,1
mikenugent/2506386,"Nugent, Mike",K,2006,New York Jets,16,74,"4,478",1,60.5,2,2.7,69,21.2,0,2,1
mikenugent/2506386,"Nugent, Mike",K,2005,New York Jets,16,63,"3,741",2,59.4,1,1.6,60,20.8,0,1,0
pato'donnell/2543611,"O'Donnell, Pat",P,2017,Chicago Bears,16,4,260,0,65.0,2,50.0,2,27.0,0,0,0
pato'donnell/2543611,"O'Donnell, Pat",P,2016,Chicago Bears,16,1,51,0,51.0,0,0.0,1,9.0,0,0,0
pato'donnell/2543611,"O'Donnell, Pat",P,2015,Chicago Bears,15,--,--,--,--,--,--,--,--,--,--,--
pato'donnell/2543611,"O'Donnell, Pat",P,2014,Chicago Bears,16,1,65,0,65.0,1,100.0,0,--,0,0,0
codyparkey/2550380,"Parkey, Cody",K,2017,Miami Dolphins,16,67,"4,015",0,59.9,28,41.8,34,19.6,0,5,4
codyparkey/2550380,"Parkey, Cody",K,2016,Cleveland Browns,14,57,"3,512",2,61.6,34,59.6,19,19.9,0,3,1
codyparkey/2550380,"Parkey, Cody",K,2015,Philadelphia Eagles,3,13,792,1,60.9,3,23.1,8,21.5,0,1,0
codyparkey/2550380,"Parkey, Cody",K,2014,Philadelphia Eagles,16,98,"6,401",0,65.3,46,46.9,52,22.8,0,0,0
brianpeters/2552730,"Peters, Brian",LB,2017,Houston Texans,16,--,--,--,--,--,--,--,--,--,--,--
brianpeters/2552730,"Peters, Brian",LB,2016,Houston Texans,12,2,123,0,61.5,0,0.0,2,16.5,0,0,0
brianpeters/2552730,"Peters, Brian",LB,2015,Houston Texans,12,--,--,--,--,--,--,--,--,--,--,--
bradleypinion/2552711,"Pinion, Bradley",P,2017,San Francisco 49ers,16,79,"5,100",1,64.6,64,81.0,13,23.1,0,0,0
bradleypinion/2552711,"Pinion, Bradley",P,2016,San Francisco 49ers,16,31,"1,992",1,64.3,20,64.5,9,20.2,0,0,0
bradleypinion/2552711,"Pinion, Bradley",P,2015,San Francisco 49ers,16,57,"3,707",0,65.0,38,66.7,19,25.1,0,0,0
mattprater/2506677,"Prater, Matt",K,2017,Detroit Lions,16,17,977,0,57.5,6,35.3,10,14.9,0,1,0
mattprater/2506677,"Prater, Matt",K,2016,Detroit Lions,16,2,116,0,58.0,1,50.0,1,32.0,0,0,0
mattprater/2506677,"Prater, Matt",K,2015,Detroit Lions,16,4,223,0,55.8,0,0.0,3,17.3,0,0,0
mattprater/2506677,"Prater, Matt",K,2014,Detroit Lions,11,--,--,--,--,--,--,--,--,--,--,--
mattprater/2506677,"Prater, Matt",K,2013,Denver Broncos,16,114,"7,388",1,64.8,81,71.1,31,29.7,1,2,0
mattprater/2506677,"Prater, Matt",K,2012,Denver Broncos,16,98,"6,305",0,64.3,65,66.3,33,22.3,0,0,0
mattprater/2506677,"Prater, Matt",K,2011,Denver Broncos,16,69,"4,442",1,64.4,47,68.1,19,24.7,0,2,1
mattprater/2506677,"Prater, Matt",K,2010,Denver Broncos,12,57,"3,680",0,64.6,20,35.1,34,25.1,1,3,1
mattprater/2506677,"Prater, Matt",K,2009,Denver Broncos,16,78,"5,332",0,68.4,28,35.9,49,22.8,1,1,0
mattprater/2506677,"Prater, Matt",K,2008,Denver Broncos,16,83,"5,400",0,65.1,19,22.9,63,24.7,1,1,0
mattprater/2506677,"Prater, Matt",K,2007,Denver Broncos,2,7,471,0,67.3,2,28.6,5,26.4,0,0,0
mattprater/2506677,"Prater, Matt",K,2007,Atlanta Falcons,2,4,285,0,71.3,3,75.0,1,22.0,0,0,0
ryanquigley/2536049,"Quigley, Ryan",P,2017,Minnesota Vikings,16,1,51,0,51.0,0,0.0,1,14.0,0,0,0
ryanquigley/2536049,"Quigley, Ryan",P,2016,Arizona Cardinals,6,--,--,--,--,--,--,--,--,--,--,--
ryanquigley/2536049,"Quigley, Ryan",P,2015,New York Jets,15,5,337,0,67.4,1,20.0,4,29.3,0,0,0
ryanquigley/2536049,"Quigley, Ryan",P,2014,New York Jets,16,5,315,0,63.0,0,0.0,5,23.2,0,0,0
ryanquigley/2536049,"Quigley, Ryan",P,2013,New York Jets,14,--,--,--,--,--,--,--,--,--,--,--
ryanquigley/2536049,"Quigley, Ryan",P,2012,Chicago Bears,0,--,--,--,--,--,--,--,--,--,--,--
aldrickrosas/2556771,"Rosas, Aldrick",K,2017,New York Giants,16,62,"3,849",2,62.1,26,41.9,32,20.5,0,2,0
nickrose/2556450,"Rose, Nick",K,2017,Los Angeles Chargers,2,9,589,0,65.4,8,88.9,1,29.0,0,0,0
nickrose/2556450,"Rose, Nick",K,2017,Washington Redskins,8,38,"2,352",1,61.9,24,63.2,12,20.4,0,2,0
jonryan/2506613,"Ryan, Jon",P,2017,Seattle Seahawks,16,2,125,0,62.5,0,0.0,2,26.0,0,0,0
jonryan/2506613,"Ryan, Jon",P,2016,Seattle Seahawks,16,1,65,0,65.0,0,0.0,1,12.0,0,0,0
jonryan/2506613,"Ryan, Jon",P,2015,Seattle Seahawks,16,1,61,0,61.0,0,0.0,1,22.0,0,0,0
jonryan/2506613,"Ryan, Jon",P,2014,Seattle Seahawks,16,1,79,0,79.0,0,0.0,1,22.0,0,0,0
jonryan/2506613,"Ryan, Jon",P,2013,Seattle Seahawks,16,--,--,--,--,--,--,--,--,--,--,--
jonryan/2506613,"Ryan, Jon",P,2012,Seattle Seahawks,16,1,66,0,66.0,0,0.0,1,17.0,0,0,0
jonryan/2506613,"Ryan, Jon",P,2011,Seattle Seahawks,16,--,--,--,--,--,--,--,--,--,--,--
jonryan/2506613,"Ryan, Jon",P,2010,Seattle Seahawks,16,1,66,0,66.0,0,0.0,1,31.0,0,0,0
jonryan/2506613,"Ryan, Jon",P,2009,Seattle Seahawks,16,--,--,--,--,--,--,--,--,--,--,--
jonryan/2506613,"Ryan, Jon",P,2008,Seattle Seahawks,15,--,--,--,--,--,--,--,--,--,--,--
jonryan/2506613,"Ryan, Jon",P,2007,Green Bay Packers,16,--,--,--,--,--,--,--,--,--,--,--
jonryan/2506613,"Ryan, Jon",P,2006,Green Bay Packers,16,0,0,0,--,0,--,0,--,0,0,0
rigobertosanchez/2558899,"Sanchez, Rigoberto",P,2017,Indianapolis Colts,16,70,"4,390",0,62.7,46,65.7,23,19.2,0,1,0
cairosantos/2550636,"Santos, Cairo",K,2017,Chicago Bears,2,2,130,0,65.0,2,100.0,0,--,0,0,0
cairosantos/2550636,"Santos, Cairo",K,2017,Kansas City Chiefs,3,18,"1,178",0,65.4,10,55.6,8,21.0,0,0,0
cairosantos/2550636,"Santos, Cairo",K,2016,Kansas City Chiefs,16,86,"5,394",1,62.7,48,55.8,35,24.1,0,2,0
cairosantos/2550636,"Santos, Cairo",K,2015,Kansas City Chiefs,16,90,"5,746",1,63.8,40,44.4,46,24.7,0,3,1
cairosantos/2550636,"Santos, Cairo",K,2014,Kansas City Chiefs,16,80,"5,085",0,63.6,26,32.5,53,24.1,0,1,0
coltonschmidt/2542246,"Schmidt, Colton",P,2017,Buffalo Bills,16,--,--,--,--,--,--,--,--,--,--,--
coltonschmidt/2542246,"Schmidt, Colton",P,2016,Buffalo Bills,16,1,45,0,45.0,0,0.0,1,51.0,0,0,0
coltonschmidt/2542246,"Schmidt, Colton",P,2015,Buffalo Bills,16,--,--,--,--,--,--,--,--,--,--,--
coltonschmidt/2542246,"Schmidt, Colton",P,2014,Buffalo Bills,16,2,101,0,50.5,0,0.0,1,21.0,0,0,0
calebsturgis/2539637,"Sturgis, Caleb",K,2017,Philadelphia Eagles,1,6,374,0,62.3,2,33.3,4,19.3,0,0,0
calebsturgis/2539637,"Sturgis, Caleb",K,2016,Philadelphia Eagles,16,87,"5,439",0,62.5,46,52.9,38,18.7,0,3,0
calebsturgis/2539637,"Sturgis, Caleb",K,2015,Philadelphia Eagles,13,68,"4,208",1,61.9,39,57.4,26,20.5,0,2,0
calebsturgis/2539637,"Sturgis, Caleb",K,2014,Miami Dolphins,16,85,"5,476",1,64.4,37,43.5,46,26.9,1,1,0
calebsturgis/2539637,"Sturgis, Caleb",K,2013,Miami Dolphins,16,74,"4,915",1,66.4,38,51.4,35,23.2,0,0,0
ryansuccop/89802,"Succop, Ryan",K,2017,Tennessee Titans,16,80,"5,120",0,64.0,47,58.8,32,23.4,0,1,0
ryansuccop/89802,"Succop, Ryan",K,2016,Tennessee Titans,16,82,"5,117",2,62.4,58,70.7,20,22.6,0,3,0
ryansuccop/89802,"Succop, Ryan",K,2015,Tennessee Titans,16,66,"4,272",1,64.7,43,65.2,22,27.2,0,1,0
ryansuccop/89802,"Succop, Ryan",K,2014,Tennessee Titans,16,63,"3,967",0,63.0,31,49.2,29,28.4,1,3,0
ryansuccop/89802,"Succop, Ryan",K,2013,Kansas City Chiefs,16,91,"5,998",2,65.9,47,51.6,42,24.4,0,0,0
ryansuccop/89802,"Succop, Ryan",K,2012,Kansas City Chiefs,16,58,"3,716",2,64.1,27,46.6,27,25.6,0,2,0
ryansuccop/89802,"Succop, Ryan",K,2011,Kansas City Chiefs,16,59,"3,680",1,62.4,31,52.5,24,24.5,0,3,0
ryansuccop/89802,"Succop, Ryan",K,2010,Kansas City Chiefs,16,78,"4,794",2,61.5,8,10.3,66,20.2,1,2,0
ryansuccop/89802,"Succop, Ryan",K,2009,Kansas City Chiefs,16,72,"4,454",1,61.9,7,9.7,59,24.2,2,6,1
giorgiotavecchio/2535686,"Tavecchio, Giorgio",K,2017,Oakland Raiders,16,64,"4,058",0,63.4,48,75.0,15,19.9,0,1,1
justintucker/2536340,"Tucker, Justin",K,2017,Baltimore Ravens,16,90,"5,610",0,62.3,55,61.1,33,18.6,0,2,0
justintucker/2536340,"Tucker, Justin",K,2016,Baltimore Ravens,16,80,"5,072",1,63.4,52,65.0,26,20.8,0,1,0
justintucker/2536340,"Tucker, Justin",K,2015,Baltimore Ravens,16,74,"4,753",0,64.2,63,85.1,9,25.4,0,1,0
justintucker/2536340,"Tucker, Justin",K,2014,Baltimore Ravens,16,88,"5,702",0,64.8,60,68.2,26,23.1,0,2,0
justintucker/2536340,"Tucker, Justin",K,2013,Baltimore Ravens,16,82,"5,195",1,63.4,42,51.2,38,23.0,0,1,0
justintucker/2536340,"Tucker, Justin",K,2012,Baltimore Ravens,16,88,"5,938",0,67.5,49,55.7,36,23.4,0,3,0
adamvinatieri/2503471,"Vinatieri, Adam",K,2017,Indianapolis Colts,15,--,--,--,--,--,--,--,--,--,--,--
adamvinatieri/2503471,"Vinatieri, Adam",K,2016,Indianapolis Colts,16,0,0,0,--,0,--,0,--,0,0,0
adamvinatieri/2503471,"Vinatieri, Adam",K,2015,Indianapolis Colts,16,--,--,--,--,--,--,--,--,--,--,--
adamvinatieri/2503471,"Vinatieri, Adam",K,2014,Indianapolis Colts,16,--,--,--,--,--,--,--,--,--,--,--
adamvinatieri/2503471,"Vinatieri, Adam",K,2013,Indianapolis Colts,15,--,--,--,--,--,--,--,--,--,--,--
adamvinatieri/2503471,"Vinatieri, Adam",K,2012,Indianapolis Colts,16,0,0,0,--,0,--,0,--,0,0,0
adamvinatieri/2503471,"Vinatieri, Adam",K,2011,Indianapolis Colts,16,--,--,--,--,--,--,--,--,--,--,--
adamvinatieri/2503471,"Vinatieri, Adam",K,2010,Indianapolis Colts,16,--,--,--,--,--,--,--,--,--,--,--
adamvinatieri/2503471,"Vinatieri, Adam",K,2009,Indianapolis Colts,6,--,--,--,--,--,--,--,--,--,--,--
adamvinatieri/2503471,"Vinatieri, Adam",K,2008,Indianapolis Colts,16,80,"5,204",0,65.1,8,10.0,69,24.4,0,3,1
adamvinatieri/2503471,"Vinatieri, Adam",K,2007,Indianapolis Colts,16,91,"5,915",1,65.0,9,9.9,81,25.0,3,0,0
adamvinatieri/2503471,"Vinatieri, Adam",K,2006,Indianapolis Colts,13,73,"4,800",0,65.8,10,13.7,63,25.3,1,0,0
adamvinatieri/2503471,"Vinatieri, Adam",K,2005,New England Patriots,16,80,"4,934",1,61.7,10,12.5,67,21.9,0,1,0
adamvinatieri/2503471,"Vinatieri, Adam",K,2004,New England Patriots,16,94,"5,921",1,63.0,6,6.4,86,23.3,1,0,0
adamvinatieri/2503471,"Vinatieri, Adam",K,2003,New England Patriots,16,79,"4,966",0,62.9,2,2.5,76,21.4,0,0,0
adamvinatieri/2503471,"Vinatieri, Adam",K,2002,New England Patriots,16,83,"5,010",3,60.4,6,7.2,73,20.5,0,1,0
adamvinatieri/2503471,"Vinatieri, Adam",K,2001,New England Patriots,16,82,"4,992",0,60.9,6,7.3,75,22.1,0,0,0
adamvinatieri/2503471,"Vinatieri, Adam",K,2000,New England Patriots,16,67,"4,236",0,63.2,7,10.4,60,20.9,0,0,0
adamvinatieri/2503471,"Vinatieri, Adam",K,1999,New England Patriots,16,71,"4,458",2,62.8,5,7.0,63,22.7,0,1,0
adamvinatieri/2503471,"Vinatieri, Adam",K,1998,New England Patriots,16,79,"4,937",0,62.5,6,7.6,71,18.8,0,2,0
adamvinatieri/2503471,"Vinatieri, Adam",K,1997,New England Patriots,16,81,"5,057",0,62.4,4,4.9,75,22.0,1,2,0
adamvinatieri/2503471,"Vinatieri, Adam",K,1996,New England Patriots,16,89,"5,709",0,64.1,9,10.1,80,20.8,0,0,0
tressway/2541903,"Way, Tress",P,2017,Washington Redskins,16,1,61,0,61.0,0,0.0,1,12.0,0,0,0
tressway/2541903,"Way, Tress",P,2016,Washington Redskins,16,--,--,--,--,--,--,--,--,--,--,--
tressway/2541903,"Way, Tress",P,2015,Washington Redskins,16,2,120,0,60.0,0,0.0,2,18.0,0,0,0
tressway/2541903,"Way, Tress",P,2014,Washington Redskins,16,18,"1,174",0,65.2,9,50.0,9,36.0,1,0,0
mattwile/2553622,"Wile, Matt",P,2016,Arizona Cardinals,3,--,--,--,--,--,--,--,--,--,--,--
mattwile/2553622,"Wile, Matt",P,2016,Atlanta Falcons,1,7,455,0,65.0,7,100.0,0,--,0,0,0
gregzuerlein/2534797,"Zuerlein, Greg",K,2017,Los Angeles Rams,14,95,"6,147",2,64.7,73,76.8,20,20.6,0,0,0
gregzuerlein/2534797,"Zuerlein, Greg",K,2016,Los Angeles Rams,16,59,"3,794",0,64.3,36,61.0,22,19.5,0,1,0
gregzuerlein/2534797,"Zuerlein, Greg",K,2015,St. Louis Rams,14,64,"4,168",0,65.1,38,59.4,26,23.3,0,0,0
gregzuerlein/2534797,"Zuerlein, Greg",K,2014,St. Louis Rams,16,73,"4,862",0,66.6,38,52.1,35,24.3,1,0,0
gregzuerlein/2534797,"Zuerlein, Greg",K,2013,St. Louis Rams,16,78,"5,181",1,66.4,52,66.7,24,22.9,0,1,1
gregzuerlein/2534797,"Zuerlein, Greg",K,2012,St. Louis Rams,16,67,"4,498",0,67.1,37,55.2,30,24.3,0,0,0
