pred,Player Id,Year,Position,Team,Games Played,Rushing Attempts,Rushing Attempts Per Game,Rushing Yards,Yards Per Carry,Rushing Yards Per Game,Rushing TDs,Longest Rushing Run,Rushing First Downs,Percentage of Rushing First Downs,Rushing More Than 20 Yards,Rushing More Than 40 Yards,Receptions,Receiving Yards,Yards Per Reception,Yards Per Game,Longest Reception,Receiving TDs,Receptions Longer than 20 Yards,Receptions Longer than 40 Yards,First Down Receptions,Fumbles,Fumbles Lost
2,ameerabdullah/2552374,2017,RB,Detroit Lions,14,165,11.8,552,3.3,39.4,4,34,24,14.5,5,0,25,162,6.5,11.6,22,1,1,0,13,2,1
3,ameerabdullah/2552374,2016,RB,Detroit Lions,2,18,9,101,5.6,50.5,0,24,6,33.3,1,0,5,57,11.4,28.5,18,1,0,0,4,0,0
2,ameerabdullah/2552374,2015,RB,Detroit Lions,16,143,8.9,597,4.2,37.3,2,36,27,18.9,4,0,25,183,7.3,11.4,36,1,1,0,11,5,2
2,jayajayi/2552582,2017,RB,Philadelphia Eagles,7,70,10,408,5.8,58.3,1,71,14,20,4,2,10,91,9.1,13,32,1,1,0,6,2,1
2,jayajayi/2552582,2017,RB,Miami Dolphins,7,138,19.7,465,3.4,66.4,0,21,25,18.1,2,0,14,67,4.8,9.6,15,0,0,0,2,1,1
4,jayajayi/2552582,2016,RB,Miami Dolphins,15,260,17.3,1272,4.9,84.8,8,62,60,23.1,10,4,27,151,5.6,10.1,15,0,0,0,8,4,1
3,jayajayi/2552582,2015,RB,Miami Dolphins,9,49,5.4,187,3.8,20.8,1,24,7,14.3,3,0,7,90,12.9,10,20,0,1,0,5,0,0
0,javoriusallen/2552631,2017,RB,Baltimore Ravens,16,153,9.6,591,3.9,36.9,4,37,38,24.8,1,0,46,250,5.4,15.6,20,2,1,0,16,0,0
1,javoriusallen/2552631,2016,RB,Baltimore Ravens,8,9,1.1,34,3.8,4.2,0,7,0,0,0,0,3,15,5,1.9,8,0,0,0,2,0,0
0,javoriusallen/2552631,2015,RB,Baltimore Ravens,16,137,8.6,514,3.8,32.1,1,44,28,20.4,2,1,45,353,7.8,22.1,41,2,1,1,16,2,2
2,c.j.anderson/2540269,2017,RB,Denver Broncos,16,245,15.3,1007,4.1,62.9,3,40,47,19.2,7,1,28,224,8,14,25,1,1,0,7,1,1
2,c.j.anderson/2540269,2016,RB,Denver Broncos,7,110,15.7,437,4,62.4,4,28,22,20,1,0,16,128,8,18.3,25,1,2,0,6,0,0
2,c.j.anderson/2540269,2015,RB,Denver Broncos,15,152,10.1,720,4.7,48,5,48,33,21.7,5,1,25,183,7.3,12.2,27,0,2,0,6,2,2
4,c.j.anderson/2540269,2014,RB,Denver Broncos,15,179,11.9,849,4.7,56.6,8,27,47,26.3,7,0,34,324,9.5,21.6,51,2,4,1,13,1,0
3,c.j.anderson/2540269,2013,RB,Denver Broncos,5,7,1.4,38,5.4,7.6,0,11,3,42.9,0,0,0,0,0,0,0,0,0,0,0,0,0
3,cameronartis-payne/2552375,2017,RB,Carolina Panthers,13,18,1.4,95,5.3,7.3,1,43,5,27.8,1,1,1,2,2,0.2,2,0,0,0,0,0,0
3,cameronartis-payne/2552375,2016,RB,Carolina Panthers,3,36,12,144,4,48,2,14,5,13.9,0,0,1,11,11,3.7,11,0,0,0,1,0,0
3,cameronartis-payne/2552375,2015,RB,Carolina Panthers,7,45,6.4,183,4.1,26.1,1,31,6,13.3,2,0,5,58,11.6,8.3,20,0,1,0,4,0,0
3,georgeatkinson/2550540,2016,RB,Cleveland Browns,16,7,0.4,34,4.9,2.1,1,11,3,42.9,0,0,0,0,0,0,0,0,0,0,0,1,0
1,georgeatkinson/2550540,2014,RB,Oakland Raiders,5,0,0,0,0,0,0,0,0,0,0,0,0,0,0,0,0,0,0,0,0,0,0
3,tavonaustin/2539336,2017,RB,Los Angeles Rams,16,59,3.7,270,4.6,16.9,1,27,9,15.3,2,0,13,47,3.6,2.9,13,0,0,0,2,5,4
0,tavonaustin/2539336,2016,RB,Los Angeles Rams,15,28,1.9,159,5.7,10.6,1,30,7,25,2,0,58,509,8.8,33.9,43,3,6,1,25,5,1
0,tavonaustin/2539336,2015,RB,St. Louis Rams,16,52,3.2,434,8.3,27.1,4,60,23,44.2,6,1,52,473,9.1,29.6,66,5,5,2,21,3,2
3,tavonaustin/2539336,2014,RB,St. Louis Rams,15,36,2.4,224,6.2,14.9,2,19,11,30.6,0,0,31,242,7.8,16.1,28,0,2,0,12,5,0
0,tavonaustin/2539336,2013,RB,St. Louis Rams,13,9,0.7,151,16.8,11.6,1,65,3,33.3,2,2,40,418,10.5,32.2,81,4,5,2,17,4,1
3,peytonbarber/2556466,2017,RB,Tampa Bay Buccaneers,16,108,6.8,423,3.9,26.4,3,34,23,21.3,1,0,16,114,7.1,7.1,34,0,1,0,4,2,1
3,peytonbarber/2556466,2016,RB,Tampa Bay Buccaneers,15,55,3.7,223,4.1,14.9,1,44,10,18.2,1,1,5,28,5.6,1.9,11,0,0,0,1,0,0
3,kenjonbarner/2539289,2017,RB,Philadelphia Eagles,13,16,1.2,57,3.6,4.4,1,18,3,18.8,0,0,5,56,11.2,4.3,22,0,1,0,1,3,0
3,kenjonbarner/2539289,2016,RB,Philadelphia Eagles,13,27,2.1,129,4.8,9.9,2,19,9,33.3,0,0,5,42,8.4,3.2,15,0,0,0,3,0,0
3,kenjonbarner/2539289,2015,RB,Philadelphia Eagles,10,28,2.8,124,4.4,12.4,0,19,6,21.4,0,0,9,22,2.4,2.2,12,0,0,0,1,1,1
1,kenjonbarner/2539289,2013,RB,Carolina Panthers,8,6,0.8,7,1.2,0.9,0,2,0,0,0,0,2,7,3.5,0.9,5,0,0,0,0,1,0
4,le'veonbell/2540175,2017,RB,Pittsburgh Steelers,15,321,21.4,1291,4,86.1,9,27,74,23.1,3,0,85,655,7.7,43.7,42,2,5,1,31,3,2
4,le'veonbell/2540175,2016,RB,Pittsburgh Steelers,12,261,21.8,1268,4.9,105.7,7,44,69,26.4,4,1,75,616,8.2,51.3,32,2,4,0,31,4,1
2,le'veonbell/2540175,2015,RB,Pittsburgh Steelers,6,113,18.8,556,4.9,92.7,3,42,27,23.9,8,1,24,136,5.7,22.7,20,0,2,0,4,0,0
4,le'veonbell/2540175,2014,RB,Pittsburgh Steelers,16,290,18.1,1361,4.7,85.1,8,81,73,25.2,8,2,83,854,10.3,53.4,48,3,10,3,41,0,0
4,le'veonbell/2540175,2013,RB,Pittsburgh Steelers,13,244,18.8,860,3.5,66.2,8,43,48,19.7,4,1,45,399,8.9,30.7,43,0,5,1,13,1,1
0,giovanibernard/2540156,2017,RB,Cincinnati Bengals,16,105,6.6,458,4.4,28.6,2,25,20,19,5,0,43,389,9,24.3,61,2,3,1,16,0,0
0,giovanibernard/2540156,2016,RB,Cincinnati Bengals,10,91,9.1,337,3.7,33.7,2,17,15,16.5,0,0,39,336,8.6,33.6,32,1,3,0,16,1,1
0,giovanibernard/2540156,2015,RB,Cincinnati Bengals,16,154,9.6,730,4.7,45.6,2,28,34,22.1,2,0,49,472,9.6,29.5,45,0,7,2,18,2,0
0,giovanibernard/2540156,2014,RB,Cincinnati Bengals,13,168,12.9,680,4,52.3,5,89,32,19,2,1,43,349,8.1,26.8,46,2,4,1,13,0,0
0,giovanibernard/2540156,2013,RB,Cincinnati Bengals,16,170,10.6,695,4.1,43.4,5,35,32,18.8,3,0,56,514,9.2,32.1,41,3,9,1,21,1,1
3,kapribibbs/2550542,2017,RB,Washington Redskins,3,21,7,79,3.8,26.3,0,16,4,19,0,0,14,128,9.1,42.7,36,1,2,0,4,0,0
3,kapribibbs/2550542,2016,RB,Denver Broncos,12,29,2.4,129,4.4,10.8,0,24,7,24.1,1,0,2,75,37.5,6.2,69,1,1,1,1,0,0
1,kapribibbs/2550542,2015,RB,Denver Broncos,1,0,0,0,0,0,0,0,0,0,0,0,0,0,0,0,0,0,0,0,0,0,0
1,kapribibbs/2550542,2014,RB,Denver Broncos,0,0,0,0,0,0,0,0,0,0,0,0,0,0,0,0,0,0,0,0,0,0,0
2,legarretteblount/497149,2017,RB,Philadelphia Eagles,16,173,10.8,766,4.4,47.9,2,68,30,17.3,7,1,8,50,6.3,3.1,20,1,1,0,3,1,1
4,legarretteblount/497149,2016,RB,New England Patriots,16,299,18.7,1161,3.9,72.6,18,44,67,22.4,7,3,7,38,5.4,2.4,16,0,0,0,1,2,1
2,legarretteblount/497149,2015,RB,New England Patriots,12,165,13.8,703,4.3,58.6,6,38,37,22.4,4,0,6,43,7.2,3.6,14,1,0,0,3,1,0
2,legarretteblount/497149,2014,RB,New England Patriots,5,60,12,281,4.7,56.2,3,34,14,23.3,4,0,4,18,4.5,3.6,11,0,0,0,1,0,0
3,legarretteblount/497149,2014,RB,Pittsburgh Steelers,11,65,5.9,266,4.1,24.2,2,50,16,24.6,1,1,6,36,6,3.3,13,0,0,0,3,1,1
2,legarretteblount/497149,2013,RB,New England Patriots,16,153,9.6,772,5,48.2,7,47,35,22.9,5,1,2,38,19,2.4,32,0,1,0,1,3,2
3,legarretteblount/497149,2012,RB,Tampa Bay Buccaneers,13,41,3.2,151,3.7,11.6,2,35,7,17.1,1,0,1,2,2,0.2,2,0,0,0,0,0,0
2,legarretteblount/497149,2011,RB,Tampa Bay Buccaneers,14,184,13.1,781,4.2,55.8,5,54,32,17.4,4,1,15,148,9.9,10.6,35,0,2,0,6,5,3
2,legarretteblount/497149,2010,RB,Tampa Bay Buccaneers,13,201,15.5,1007,5,77.5,6,53,38,18.9,10,3,5,14,2.8,1.1,7,0,0,0,0,4,3
3,alfredblue/2543600,2017,RB,Houston Texans,11,71,6.5,262,3.7,23.8,1,48,10,14.1,1,1,7,54,7.7,4.9,14,0,0,0,4,0,0
3,alfredblue/2543600,2016,RB,Houston Texans,14,100,7.1,420,4.2,30,1,25,23,23,2,0,12,40,3.3,2.9,12,0,0,0,1,2,1
2,alfredblue/2543600,2015,RB,Houston Texans,16,183,11.4,698,3.8,43.6,2,41,33,18,2,1,15,109,7.3,6.8,21,1,1,0,2,2,1
2,alfredblue/2543600,2014,RB,Houston Texans,16,169,10.6,528,3.1,33,2,46,29,17.2,2,1,15,113,7.5,7.1,22,1,1,0,7,0,0
3,tommybohanon/2540225,2017,RB,Jacksonville Jaguars,16,5,0.3,5,1,0.3,2,3,2,40,0,0,6,43,7.2,2.7,14,1,0,0,3,0,0
1,tommybohanon/2540225,2015,RB,New York Jets,16,2,0.1,2,1,0.1,0,2,0,0,0,0,4,56,14,3.5,23,0,1,0,3,0,0
3,tommybohanon/2540225,2014,RB,New York Jets,4,1,0.2,3,3,0.8,0,3,1,100,0,0,2,30,15,7.5,16,0,0,0,2,0,0
3,tommybohanon/2540225,2013,RB,New York Jets,16,17,1.1,62,3.6,3.9,0,8,4,23.5,0,0,11,69,6.3,4.3,21,0,1,0,4,0,0
3,brandonbolden/2532797,2017,RB,New England Patriots,16,13,0.8,67,5.2,4.2,0,20,3,23.1,1,0,1,7,7,0.4,7,0,0,0,1,0,0
1,brandonbolden/2532797,2016,RB,New England Patriots,14,1,0.1,4,4,0.3,0,4,0,0,0,0,2,15,7.5,1.1,13,0,0,0,1,0,0
3,brandonbolden/2532797,2015,RB,New England Patriots,15,63,4.2,207,3.3,13.8,0,14,9,14.3,0,0,19,180,9.5,12,63,2,1,1,8,0,0
3,brandonbolden/2532797,2014,RB,New England Patriots,16,28,1.8,89,3.2,5.6,1,17,4,14.3,0,0,2,8,4,0.5,4,0,0,0,0,0,0
3,brandonbolden/2532797,2013,RB,New England Patriots,12,55,4.6,271,4.9,22.6,3,46,14,25.5,2,1,21,152,7.2,12.7,18,0,0,0,6,0,0
3,brandonbolden/2532797,2012,RB,New England Patriots,10,56,5.6,274,4.9,27.4,2,27,18,32.1,4,0,2,11,5.5,1.1,11,0,0,0,1,0,0
3,devontaebooker/2555223,2017,RB,Denver Broncos,13,79,6.1,299,3.8,23,1,26,11,13.9,1,0,30,275,9.2,21.2,29,0,4,0,13,2,1
2,devontaebooker/2555223,2016,RB,Denver Broncos,16,174,10.9,612,3.5,38.2,4,18,30,17.2,0,0,31,265,8.5,16.6,43,1,3,1,8,4,3
3,mattbreida/2558918,2017,RB,San Francisco 49ers,16,105,6.6,465,4.4,29.1,2,33,22,21,2,0,21,180,8.6,11.2,32,1,2,0,9,1,0
1,mackbrown/2553867,2017,RB,Minnesota Vikings,1,0,0,0,0,0,0,0,0,0,0,0,0,0,0,0,0,0,0,0,0,0,0
3,mackbrown/2553867,2017,RB,Washington Redskins,3,8,2.7,29,3.6,9.7,0,11,1,12.5,0,0,1,11,11,3.7,11,0,0,0,1,0,0
3,mackbrown/2553867,2016,RB,Washington Redskins,9,8,0.9,82,10.3,9.1,1,61,1,12.5,1,1,1,-2,-2,-0.2,-2,0,0,0,0,0,0
3,malcolmbrown/2552382,2017,RB,Los Angeles Rams,11,63,5.7,246,3.9,22.4,1,20,10,15.9,1,0,9,53,5.9,4.8,16,0,0,0,3,1,0
3,malcolmbrown/2552382,2016,RB,Los Angeles Rams,16,18,1.1,39,2.2,2.4,0,10,1,5.6,0,0,3,46,15.3,2.9,26,0,1,0,2,1,1
1,malcolmbrown/2552382,2015,RB,St. Louis Rams,1,4,4,17,4.3,17,0,13,1,25,0,0,1,-2,-2,-2,-2,0,0,0,0,0,0
0,rexburkhead/2539265,2017,RB,New England Patriots,10,64,6.4,264,4.1,26.4,5,31,14,21.9,2,0,30,254,8.5,25.4,23,3,1,0,13,1,0
3,rexburkhead/2539265,2016,RB,Cincinnati Bengals,16,74,4.6,344,4.6,21.5,2,17,23,31.1,0,0,17,145,8.5,9.1,18,0,0,0,8,1,1
1,rexburkhead/2539265,2015,RB,Cincinnati Bengals,16,4,0.2,4,1,0.2,0,2,0,0,0,0,10,94,9.4,5.9,27,1,2,0,4,1,1
1,rexburkhead/2539265,2014,RB,Cincinnati Bengals,9,9,1,27,3,3,1,10,1,11.1,0,0,7,49,7,5.4,15,0,0,0,3,0,0
1,rexburkhead/2539265,2013,RB,Cincinnati Bengals,1,0,0,0,0,0,0,0,0,0,0,0,0,0,0,0,0,0,0,0,0,0,0
3,travariscadet/2535890,2017,RB,Buffalo Bills,6,22,3.7,93,4.2,15.5,0,12,6,27.3,0,0,13,93,7.2,15.5,16,0,0,0,2,0,0
1,travariscadet/2535890,2017,RB,New York Jets,3,1,0.3,3,3,1,0,3,0,0,0,0,3,26,8.7,8.7,13,0,0,0,1,0,0
0,travariscadet/2535890,2016,RB,New Orleans Saints,15,4,0.3,19,4.8,1.3,0,16,1,25,0,0,40,281,7,18.7,25,4,2,0,18,0,0
0,travariscadet/2535890,2015,RB,New Orleans Saints,2,4,2,12,3,6,0,6,0,0,0,0,9,146,16.2,73,44,1,2,1,6,1,1
1,travariscadet/2535890,2015,RB,San Francisco 49ers,4,7,1.8,16,2.3,4,0,4,0,0,0,0,7,66,9.4,16.5,16,0,0,0,3,0,0
1,travariscadet/2535890,2015,RB,New England Patriots,1,0,0,0,0,0,0,0,0,0,0,0,1,2,2,2,2,0,0,0,0,0,0
3,travariscadet/2535890,2014,RB,New Orleans Saints,15,10,0.7,32,3.2,2.1,0,8,1,10,0,0,38,296,7.8,19.7,31,1,3,0,15,2,2
1,travariscadet/2535890,2013,RB,New Orleans Saints,13,0,0,0,0,0,0,0,0,0,0,0,2,5,2.5,0.4,3,1,0,0,1,0,0
3,travariscadet/2535890,2012,RB,New Orleans Saints,13,1,0.1,5,5,0.4,0,5,0,0,0,0,5,44,8.8,3.4,17,0,0,0,3,1,1
3,chriscarson/2558865,2017,RB,Seattle Seahawks,4,49,12.2,208,4.2,52,0,30,11,22.4,1,0,7,59,8.4,14.8,10,1,0,0,3,0,0
3,coreyclement/2559150,2017,RB,Philadelphia Eagles,16,74,4.6,321,4.3,20.1,4,28,19,25.7,2,0,10,123,12.3,7.7,28,2,3,0,6,0,0
0,tarikcohen/2558250,2017,RB,Chicago Bears,16,87,5.4,370,4.3,23.1,2,46,17,19.5,4,1,53,353,6.7,22.1,70,1,2,1,9,3,2
3,derrickcoleman/2534871,2017,RB,Atlanta Falcons,16,2,0.1,8,4,0.5,0,5,0,0,0,0,2,20,10,1.2,11,0,0,0,1,0,0
3,derrickcoleman/2534871,2015,RB,Seattle Seahawks,14,8,0.6,32,4,2.3,0,19,3,37.5,0,0,1,0,0,0,0,0,0,0,0,0,0
1,derrickcoleman/2534871,2014,RB,Seattle Seahawks,5,0,0,0,0,0,0,0,0,0,0,0,2,29,14.5,5.8,15,1,0,0,2,0,0
1,derrickcoleman/2534871,2013,RB,Seattle Seahawks,12,2,0.2,3,1.5,0.2,0,4,0,0,0,0,8,62,7.8,5.2,12,1,0,0,4,1,0
0,tevincoleman/2552453,2017,RB,Atlanta Falcons,15,156,10.4,628,4,41.9,5,52,27,17.3,6,1,27,299,11.1,19.9,39,3,4,0,13,1,0
0,tevincoleman/2552453,2016,RB,Atlanta Falcons,13,118,9.1,520,4.4,40,8,55,24,20.3,5,1,31,421,13.6,32.4,49,3,8,3,16,1,0
3,tevincoleman/2552453,2015,RB,Atlanta Falcons,12,87,7.2,392,4.5,32.7,1,46,14,16.1,2,1,2,14,7,1.2,10,0,0,0,0,3,3
2,alexcollins/2555430,2017,RB,Baltimore Ravens,15,212,14.1,973,4.6,64.9,6,50,51,24.1,6,1,23,187,8.1,12.5,37,0,3,0,8,4,2
3,alexcollins/2555430,2016,RB,Seattle Seahawks,11,31,2.8,125,4,11.4,1,26,8,25.8,1,0,11,84,7.6,7.6,14,0,0,0,6,2,1
3,jamesconner/2557978,2017,RB,Pittsburgh Steelers,14,32,2.3,144,4.5,10.3,0,23,4,12.5,1,0,0,0,0,0,0,0,0,0,0,0,0
2,dalvincook/2557991,2017,RB,Minnesota Vikings,4,74,18.5,354,4.8,88.5,2,33,15,20.3,4,0,11,90,8.2,22.5,36,0,1,0,3,1,1
2,isaiahcrowell/2550189,2017,RB,Cleveland Browns,16,206,12.9,853,4.1,53.3,2,59,38,18.4,5,1,28,182,6.5,11.4,38,0,2,0,9,1,1
4,isaiahcrowell/2550189,2016,RB,Cleveland Browns,16,198,12.4,952,4.8,59.5,7,85,45,22.7,8,3,40,319,8,19.9,44,0,2,1,14,2,2
2,isaiahcrowell/2550189,2015,RB,Cleveland Browns,16,185,11.6,706,3.8,44.1,4,54,34,18.4,5,2,19,182,9.6,11.4,53,1,2,1,6,0,0
2,isaiahcrowell/2550189,2014,RB,Cleveland Browns,16,148,9.2,607,4.1,37.9,8,35,34,23,5,0,9,87,9.7,5.4,19,0,0,0,4,3,2
3,bennycunningham/2541544,2017,RB,Chicago Bears,14,9,0.6,29,3.2,2.1,0,12,1,11.1,0,0,20,240,12,17.1,40,2,4,1,9,1,1
3,bennycunningham/2541544,2016,RB,Los Angeles Rams,11,21,1.9,101,4.8,9.2,0,24,4,19,2,0,16,91,5.7,8.3,12,0,0,0,5,1,0
3,bennycunningham/2541544,2015,RB,St. Louis Rams,16,37,2.3,140,3.8,8.8,0,40,6,16.2,1,1,26,250,9.6,15.6,42,0,2,1,12,1,0
0,bennycunningham/2541544,2014,RB,St. Louis Rams,16,66,4.1,246,3.7,15.4,3,20,12,18.2,1,0,45,352,7.8,22,19,1,0,0,21,2,2
3,bennycunningham/2541544,2013,RB,St. Louis Rams,14,47,3.4,261,5.6,18.6,1,56,11,23.4,2,1,6,59,9.8,4.2,18,0,0,0,2,2,1
1,leshundaniels/2559020,2017,RB,Washington Redskins,4,3,0.8,14,4.7,3.5,0,8,0,0,0,0,0,0,0,0,0,0,0,0,0,0,0
1,justindavis/2559163,2017,RB,Los Angeles Rams,4,1,0.2,1,1,0.2,0,1,0,0,0,0,0,0,0,0,0,0,0,0,0,0,0
1,kniledavis/2540178,2016,RB,Kansas City Chiefs,9,13,1.4,23,1.8,2.6,0,6,0,0,0,0,3,21,7,2.3,11,0,0,0,1,0,0
1,kniledavis/2540178,2016,RB,Green Bay Packers,2,5,2.5,5,1,2.5,0,4,0,0,0,0,2,4,2,2,10,0,0,0,1,0,0
3,kniledavis/2540178,2015,RB,Kansas City Chiefs,14,28,2,72,2.6,5.1,1,10,5,17.9,0,0,2,24,12,1.7,12,0,0,0,1,0,0
2,kniledavis/2540178,2014,RB,Kansas City Chiefs,16,134,8.4,463,3.5,28.9,6,48,23,17.2,3,1,16,147,9.2,9.2,70,1,1,1,6,4,2
3,kniledavis/2540178,2013,RB,Kansas City Chiefs,16,70,4.4,242,3.5,15.1,4,20,10,14.3,1,0,11,75,6.8,4.7,17,0,0,0,4,3,1
3,mikedavis/2553439,2017,RB,Seattle Seahawks,6,68,11.3,240,3.5,40,0,33,12,17.6,3,0,15,131,8.7,21.8,23,0,3,0,6,0,0
3,mikedavis/2553439,2016,RB,San Francisco 49ers,8,19,2.4,50,2.6,6.2,1,8,4,21.1,0,0,3,25,8.3,3.1,10,0,0,0,1,1,1
1,mikedavis/2553439,2015,RB,San Francisco 49ers,6,35,5.8,58,1.7,9.7,0,13,5,14.3,0,0,7,38,5.4,6.3,11,0,0,0,1,0,0
3,mattdayes/2557987,2017,RB,Cleveland Browns,16,5,0.3,13,2.6,0.8,0,4,1,20,0,0,4,29,7.3,1.8,15,0,0,0,1,0,0
1,patrickdimarco/2530763,2017,RB,Buffalo Bills,16,2,0.1,-2,-1,-0.1,0,0,0,0,0,0,7,28,4,1.8,9,0,0,0,0,0,0
1,patrickdimarco/2530763,2016,RB,Atlanta Falcons,16,0,0,0,0,0,0,0,0,0,0,0,7,52,7.4,3.2,18,1,0,0,3,0,0
1,patrickdimarco/2530763,2015,RB,Atlanta Falcons,16,1,0.1,0,0,0,0,0,0,0,0,0,13,110,8.5,6.9,19,2,0,0,9,0,0
1,patrickdimarco/2530763,2014,RB,Atlanta Falcons,16,0,0,0,0,0,0,0,0,0,0,0,9,62,6.9,3.9,16,1,0,0,4,0,0
1,patrickdimarco/2530763,2013,RB,Atlanta Falcons,14,0,0,0,0,0,0,0,0,0,0,0,8,49,6.1,3.5,12,0,0,0,1,0,0
1,patrickdimarco/2530763,2012,RB,Kansas City Chiefs,5,0,0,0,0,0,0,0,0,0,0,0,0,0,0,0,0,0,0,0,0,0,0
3,kennethdixon/2555229,2016,RB,Baltimore Ravens,12,88,7.3,382,4.3,31.8,2,20,26,29.5,1,0,30,162,5.4,13.5,16,1,0,0,7,1,0
2,kenyandrake/2555230,2017,RB,Miami Dolphins,16,133,8.3,644,4.8,40.2,3,66,24,18,7,3,32,239,7.5,14.9,47,1,1,1,7,2,2
3,kenyandrake/2555230,2016,RB,Miami Dolphins,16,33,2.1,179,5.4,11.2,2,45,9,27.3,1,1,9,46,5.1,2.9,9,0,0,0,2,1,0
3,treyedmunds/2559325,2017,RB,New Orleans Saints,16,9,0.6,48,5.3,3,1,41,1,11.1,1,1,0,0,0,0,0,0,0,0,0,0,0
0,austinekeler/2559169,2017,RB,Los Angeles Chargers,16,47,2.9,260,5.5,16.2,2,35,12,25.5,3,0,27,279,10.3,17.4,38,3,3,0,12,2,2
4,ezekielelliott/2555224,2017,RB,Dallas Cowboys,10,242,24.2,983,4.1,98.3,7,30,55,22.7,5,0,26,269,10.3,26.9,72,2,5,1,6,1,1
4,ezekielelliott/2555224,2016,RB,Dallas Cowboys,15,322,21.5,1631,5.1,108.7,15,60,91,28.3,14,3,32,363,11.3,24.2,83,1,3,1,11,5,1
3,tylerervin/2555234,2017,RB,Houston Texans,4,4,1,12,3,3,0,6,1,25,0,0,8,38,4.8,9.5,7,0,0,0,1,0,0
1,tylerervin/2555234,2016,RB,Houston Texans,12,1,0.1,3,3,0.2,0,3,0,0,0,0,3,18,6,1.5,9,0,0,0,0,3,2
1,joshferguson/2556411,2017,RB,Indianapolis Colts,10,1,0.1,5,5,0.5,0,5,0,0,0,0,3,16,5.3,1.6,8,0,0,0,0,0,0
1,joshferguson/2556411,2016,RB,Indianapolis Colts,16,15,0.9,20,1.3,1.2,0,11,0,0,0,0,20,136,6.8,8.5,14,0,0,0,5,1,0
3,davidfluellen/2550289,2017,RB,Tennessee Titans,16,4,0.2,21,5.3,1.3,0,10,1,25,0,0,0,0,0,0,0,0,0,0,0,0,0
1,davidfluellen/2550289,2016,RB,Tennessee Titans,0,0,0,0,0,0,0,0,0,0,0,0,0,0,0,0,0,0,0,0,0,0,0
3,d'ontaforeman/2557994,2017,RB,Houston Texans,10,78,7.8,327,4.2,32.7,2,39,13,16.7,3,0,6,83,13.8,8.3,34,0,2,0,4,2,1
1,d.j.foster/2556528,2017,RB,Arizona Cardinals,7,6,0.9,19,3.2,2.7,0,5,0,0,0,0,17,133,7.8,19,20,0,1,0,8,0,0
1,d.j.foster/2556528,2016,RB,New England Patriots,3,7,2.3,24,3.4,8,0,7,0,0,0,0,1,2,2,0.7,2,0,0,0,0,0,0
4,leonardfournette/2557973,2017,RB,Jacksonville Jaguars,13,268,20.6,1040,3.9,80,9,90,46,17.2,4,2,36,302,8.4,23.2,28,1,2,0,15,2,0
3,jalstonfowler/2552464,2017,RB,Tennessee Titans,10,2,0.2,4,2,0.4,1,3,1,50,0,0,0,0,0,0,0,0,0,0,0,0,0
3,jalstonfowler/2552464,2016,RB,Tennessee Titans,16,1,0.1,3,3,0.2,0,3,0,0,0,0,1,14,14,0.9,14,0,0,0,1,0,0
3,jalstonfowler/2552464,2015,RB,Tennessee Titans,16,7,0.4,13,1.9,0.8,1,3,5,71.4,0,0,5,44,8.8,2.8,19,1,0,0,3,0,0
4,devontafreeman/2543583,2017,RB,Atlanta Falcons,14,196,14,865,4.4,61.8,7,44,48,24.5,5,1,36,317,8.8,22.6,29,1,3,0,18,4,1
4,devontafreeman/2543583,2016,RB,Atlanta Falcons,16,227,14.2,1079,4.8,67.4,11,75,61,26.9,7,2,54,462,8.6,28.9,35,2,3,0,22,1,1
4,devontafreeman/2543583,2015,RB,Atlanta Falcons,15,265,17.7,1056,4,70.4,11,39,67,25.3,6,0,73,578,7.9,38.5,44,3,3,1,21,3,2
3,devontafreeman/2543583,2014,RB,Atlanta Falcons,16,65,4.1,248,3.8,15.5,1,31,9,13.8,2,0,30,225,7.5,14.1,36,1,1,0,8,1,1
2,waynegallman/2557952,2017,RB,New York Giants,13,111,8.5,476,4.3,36.6,0,24,19,17.1,2,0,34,193,5.7,14.8,11,1,0,0,8,3,1
2,mikegillislee/2539663,2017,RB,New England Patriots,9,104,11.6,383,3.7,42.6,5,16,25,24,0,0,1,15,15,1.7,15,0,0,0,1,1,1
2,mikegillislee/2539663,2016,RB,Buffalo Bills,15,101,6.7,577,5.7,38.5,8,44,39,38.6,7,1,9,50,5.6,3.3,18,1,0,0,1,1,0
2,mikegillislee/2539663,2015,RB,Buffalo Bills,5,47,9.4,267,5.7,53.4,3,60,8,17,3,2,6,29,4.8,5.8,14,0,0,0,2,1,1
1,mikegillislee/2539663,2013,RB,Miami Dolphins,3,6,2,21,3.5,7,0,6,1,16.7,0,0,0,0,0,0,0,0,0,0,0,0,0
4,melvingordon/2552469,2017,RB,Los Angeles Chargers,16,284,17.8,1105,3.9,69.1,8,87,58,20.4,5,1,58,476,8.2,29.8,49,4,4,1,22,1,0
4,melvingordon/2552469,2016,RB,San Diego Chargers,13,254,19.5,997,3.9,76.7,10,48,61,24,7,3,41,419,10.2,32.2,35,2,4,0,21,2,2
2,melvingordon/2552469,2015,RB,San Diego Chargers,14,184,13.1,641,3.5,45.8,0,27,33,17.9,6,0,33,192,5.8,13.7,18,0,0,0,8,6,4
2,frankgore/2506404,2017,RB,Indianapolis Colts,16,261,16.3,961,3.7,60.1,3,21,49,18.8,1,0,29,245,8.4,15.3,26,1,2,0,9,3,0
0,frankgore/2506404,2016,RB,Indianapolis Colts,16,263,16.4,1025,3.9,64.1,4,22,50,19,1,0,38,277,7.3,17.3,49,4,1,1,14,2,1
2,frankgore/2506404,2015,RB,Indianapolis Colts,16,260,16.2,967,3.7,60.4,6,37,44,16.9,5,0,34,267,7.9,16.7,34,1,2,0,10,4,3
2,frankgore/2506404,2014,RB,San Francisco 49ers,16,255,15.9,1106,4.3,69.1,4,52,53,20.8,5,1,11,111,10.1,6.9,55,1,1,1,2,2,2
4,frankgore/2506404,2013,RB,San Francisco 49ers,16,276,17.2,1128,4.1,70.5,9,51,55,19.9,9,1,16,141,8.8,8.8,29,0,1,0,5,3,3
4,frankgore/2506404,2012,RB,San Francisco 49ers,16,258,16.1,1214,4.7,75.9,8,37,67,26,7,0,28,234,8.4,14.6,26,1,1,0,10,2,1
4,frankgore/2506404,2011,RB,San Francisco 49ers,16,282,17.6,1211,4.3,75.7,8,55,53,18.8,11,3,17,114,6.7,7.1,13,0,0,0,5,2,2
4,frankgore/2506404,2010,RB,San Francisco 49ers,11,203,18.5,853,4.2,77.5,3,64,42,20.7,6,1,46,452,9.8,41.1,41,2,6,1,16,4,2
4,frankgore/2506404,2009,RB,San Francisco 49ers,14,229,16.4,1120,4.9,80,10,80,47,20.5,11,4,52,406,7.8,29,48,3,3,1,13,4,2
4,frankgore/2506404,2008,RB,San Francisco 49ers,14,240,17.1,1036,4.3,74,6,41,44,18.3,8,1,43,373,8.7,26.6,26,2,4,0,15,6,3
4,frankgore/2506404,2007,RB,San Francisco 49ers,15,260,17.3,1102,4.2,73.5,5,43,42,16.2,5,1,53,436,8.2,29.1,23,1,6,0,20,4,3
4,frankgore/2506404,2006,RB,San Francisco 49ers,16,312,19.5,1695,5.4,105.9,8,72,68,21.8,15,6,61,485,8,30.3,39,1,4,0,20,6,5
2,frankgore/2506404,2005,RB,San Francisco 49ers,14,127,9.1,608,4.8,43.4,3,72,26,20.5,4,1,15,131,8.7,9.4,47,0,2,1,4,2,2
3,coreygrant/2553650,2017,RB,Jacksonville Jaguars,16,30,1.9,248,8.3,15.5,2,58,10,33.3,3,2,3,41,13.7,2.6,28,0,1,0,2,1,1
3,coreygrant/2553650,2016,RB,Jacksonville Jaguars,11,32,2.9,164,5.1,14.9,1,57,6,18.8,1,1,4,35,8.8,3.2,15,1,0,0,2,0,0
1,coreygrant/2553650,2015,RB,Jacksonville Jaguars,6,6,1,2,0.3,0.3,0,11,1,16.7,0,0,2,13,6.5,2.2,8,0,0,0,0,1,1
3,tiongreen/2559180,2017,RB,Detroit Lions,5,42,8.4,165,3.9,33,2,33,9,21.4,1,0,2,14,7,2.8,9,0,0,0,0,0,0
4,toddgurley/2552475,2017,RB,Los Angeles Rams,15,279,18.6,1305,4.7,87,13,57,66,23.7,8,1,64,788,12.3,52.5,80,6,12,4,32,5,2
2,toddgurley/2552475,2016,RB,Los Angeles Rams,16,278,17.4,885,3.2,55.3,6,24,48,17.3,2,0,43,327,7.6,20.4,33,0,5,0,15,2,1
4,toddgurley/2552475,2015,RB,St. Louis Rams,13,229,17.6,1106,4.8,85.1,10,71,45,19.7,11,5,21,188,9,14.5,31,0,2,0,8,3,1
3,de'angelohendersonsr./2557850,2017,RB,Denver Broncos,5,7,1.4,13,1.9,2.6,0,5,2,28.6,0,0,2,36,18,7.2,29,1,1,0,1,0,0
2,derrickhenry/2556075,2017,RB,Tennessee Titans,16,176,11,744,4.2,46.5,5,75,39,22.2,5,2,11,136,12.4,8.5,66,1,1,1,4,1,0
2,derrickhenry/2556075,2016,RB,Tennessee Titans,15,110,7.3,490,4.5,32.7,5,22,29,26.4,1,0,13,137,10.5,9.1,29,0,1,0,6,0,0
1,ryanhewitt/2550206,2017,RB,Cincinnati Bengals,13,0,0,0,0,0,0,0,0,0,0,0,2,22,11,1.7,16,0,0,0,1,0,0
1,ryanhewitt/2550206,2016,RB,Cincinnati Bengals,16,0,0,0,0,0,0,0,0,0,0,0,2,13,6.5,0.8,8,0,0,0,1,0,0
1,ryanhewitt/2550206,2015,RB,Cincinnati Bengals,15,0,0,0,0,0,0,0,0,0,0,0,8,99,12.4,6.6,22,0,2,0,3,0,0
1,ryanhewitt/2550206,2014,RB,Cincinnati Bengals,16,1,0.1,0,0,0,0,0,0,0,0,0,10,86,8.6,5.4,19,0,0,0,3,0,0
3,brianhill/2558112,2017,RB,Cincinnati Bengals,6,11,1.8,37,3.4,6.2,0,11,2,18.2,0,0,2,36,18,6,34,0,1,0,1,0,0
1,brianhill/2558112,2017,RB,Atlanta Falcons,1,0,0,0,0,0,0,0,0,0,0,0,0,0,0,0,0,0,0,0,0,0,0
1,bronsonhill/2554357,2017,RB,Arizona Cardinals,2,1,0.5,-2,-2,-1,0,-2,0,0,0,0,0,0,0,0,0,0,0,0,0,0,0
1,bronsonhill/2554357,2016,RB,Jacksonville Jaguars,3,2,0.7,11,5.5,3.7,0,7,0,0,0,0,0,0,0,0,0,0,0,0,0,0,0
1,jeremyhill/2543603,2017,RB,Cincinnati Bengals,7,37,5.3,116,3.1,16.6,0,13,5,13.5,0,0,4,16,4,2.3,10,0,0,0,1,1,0
4,jeremyhill/2543603,2016,RB,Cincinnati Bengals,15,222,14.8,839,3.8,55.9,9,74,42,18.9,5,3,21,174,8.3,11.6,25,0,2,0,6,0,0
2,jeremyhill/2543603,2015,RB,Cincinnati Bengals,16,223,13.9,794,3.6,49.6,11,38,45,20.2,1,0,15,79,5.3,4.9,14,1,0,0,5,3,3
4,jeremyhill/2543603,2014,RB,Cincinnati Bengals,16,222,13.9,1124,5.1,70.2,9,85,61,27.5,8,3,27,215,8,13.4,38,0,1,0,7,5,2
4,jordanhoward/2555418,2017,RB,Chicago Bears,16,276,17.2,1122,4.1,70.1,9,53,61,22.1,5,3,23,125,5.4,7.8,12,0,0,0,4,1,1
4,jordanhoward/2555418,2016,RB,Chicago Bears,15,252,16.8,1313,5.2,87.5,6,69,70,27.8,10,2,29,298,10.3,19.9,34,1,4,0,12,2,1
4,kareemhunt/2557917,2017,RB,Kansas City Chiefs,16,272,17,1327,4.9,82.9,8,69,60,22.1,12,3,53,455,8.6,28.4,78,3,4,1,18,1,1
4,carloshyde/2543743,2017,RB,San Francisco 49ers,16,240,15,938,3.9,58.6,8,61,44,18.3,6,1,59,350,5.9,21.9,18,0,0,0,17,2,1
4,carloshyde/2543743,2016,RB,San Francisco 49ers,13,217,16.7,988,4.6,76,6,47,48,22.1,7,2,27,163,6,12.5,19,3,0,0,7,5,3
2,carloshyde/2543743,2015,RB,San Francisco 49ers,7,115,16.4,470,4.1,67.1,3,22,25,21.7,1,0,11,53,4.8,7.6,11,0,0,0,4,1,0
3,carloshyde/2543743,2014,RB,San Francisco 49ers,14,83,5.9,333,4,23.8,4,28,16,19.3,1,0,12,68,5.7,4.9,16,0,0,0,3,1,1
4,markingram/2495466,2017,RB,New Orleans Saints,16,230,14.4,1124,4.9,70.2,12,72,50,21.7,11,3,58,416,7.2,26,54,0,3,1,19,3,3
4,markingram/2495466,2016,RB,New Orleans Saints,16,205,12.8,1043,5.1,65.2,6,75,49,23.9,4,2,46,319,6.9,19.9,22,4,4,0,18,2,2
4,markingram/2495466,2015,RB,New Orleans Saints,12,166,13.8,769,4.6,64.1,6,70,44,26.5,5,2,50,405,8.1,33.8,59,0,3,1,22,2,1
2,markingram/2495466,2014,RB,New Orleans Saints,13,226,17.4,964,4.3,74.2,9,31,47,20.8,5,0,29,145,5,11.2,14,0,0,0,5,3,1
3,markingram/2495466,2013,RB,New Orleans Saints,11,78,7.1,386,4.9,35.1,1,34,18,23.1,3,0,7,68,9.7,6.2,23,0,1,0,2,0,0
2,markingram/2495466,2012,RB,New Orleans Saints,16,156,9.8,602,3.9,37.6,5,31,28,17.9,4,0,6,29,4.8,1.8,16,0,0,0,2,0,0
2,markingram/2495466,2011,RB,New Orleans Saints,10,122,12.2,474,3.9,47.4,5,35,30,24.6,2,0,11,46,4.2,4.6,9,0,0,0,3,1,1
3,chrisivory/2507999,2017,RB,Jacksonville Jaguars,14,112,8,382,3.4,27.3,1,34,16,14.3,1,0,21,175,8.3,12.5,29,1,3,0,8,2,2
2,chrisivory/2507999,2016,RB,Jacksonville Jaguars,11,117,10.6,439,3.8,39.9,3,42,21,17.9,2,2,20,186,9.3,16.9,37,0,3,0,9,5,3
4,chrisivory/2507999,2015,RB,New York Jets,15,247,16.5,1070,4.3,71.3,7,58,50,20.2,9,2,30,217,7.2,14.5,36,1,3,0,9,4,2
2,chrisivory/2507999,2014,RB,New York Jets,16,198,12.4,821,4.1,51.3,6,71,42,21.2,1,1,18,123,6.8,7.7,23,1,1,0,4,2,1
2,chrisivory/2507999,2013,RB,New York Jets,15,182,12.1,833,4.6,55.5,3,69,34,18.7,8,2,2,10,5,0.7,12,0,0,0,1,2,0
3,chrisivory/2507999,2012,RB,New Orleans Saints,6,40,6.7,217,5.4,36.2,2,56,7,17.5,3,1,2,15,7.5,2.5,13,0,0,0,1,0,0
2,chrisivory/2507999,2011,RB,New Orleans Saints,6,79,13.2,374,4.7,62.3,1,35,21,26.6,2,0,0,0,0,0,0,0,0,0,0,0,0
2,chrisivory/2507999,2010,RB,New Orleans Saints,12,137,11.4,716,5.2,59.7,5,55,44,32.1,5,1,1,17,17,1.4,17,0,0,0,1,4,2
3,davidjohnson/2553435,2017,RB,Arizona Cardinals,1,11,11,23,2.1,23,0,6,0,0,0,0,6,67,11.2,67,24,0,1,0,3,2,1
4,davidjohnson/2553435,2016,RB,Arizona Cardinals,16,293,18.3,1239,4.2,77.4,16,58,72,24.6,6,2,80,879,11,54.9,58,4,13,1,42,5,3
0,davidjohnson/2553435,2015,RB,Arizona Cardinals,16,125,7.8,581,4.6,36.3,8,47,34,27.2,3,1,36,457,12.7,28.6,55,4,6,2,21,4,1
1,malcolmjohnson/2553446,2016,RB,Cleveland Browns,7,1,0.1,2,2,0.3,0,2,0,0,0,0,5,44,8.8,6.3,21,0,1,0,2,1,1
1,malcolmjohnson/2553446,2015,RB,Cleveland Browns,12,0,0,0,0,0,0,0,0,0,0,0,4,15,3.8,1.2,8,0,0,0,0,0,0
0,dukejohnson/2552461,2017,RB,Cleveland Browns,16,82,5.1,348,4.2,21.8,4,19,26,31.7,0,0,74,693,9.4,43.3,41,3,9,1,31,4,2
0,dukejohnson/2552461,2016,RB,Cleveland Browns,16,73,4.6,358,4.9,22.4,1,22,17,23.3,2,0,53,514,9.7,32.1,32,0,8,0,24,2,1
0,dukejohnson/2552461,2015,RB,Cleveland Browns,16,104,6.5,379,3.6,23.7,0,39,19,18.3,2,0,61,534,8.8,33.4,52,2,8,1,23,1,0
2,aaronjones/2558116,2017,RB,Green Bay Packers,12,81,6.8,448,5.5,37.3,4,46,21,25.9,6,1,9,22,2.4,1.8,9,0,0,0,2,0,0
1,mattjones/2552635,2017,RB,Indianapolis Colts,5,5,1,14,2.8,2.8,0,5,1,20,0,0,0,0,0,0,0,0,0,0,0,0,0
2,mattjones/2552635,2016,RB,Washington Redskins,7,99,14.1,460,4.6,65.7,3,57,28,28.3,3,1,8,73,9.1,10.4,16,0,0,0,4,3,2
2,mattjones/2552635,2015,RB,Washington Redskins,13,144,11.1,490,3.4,37.7,3,39,30,20.8,3,0,19,304,16,23.4,78,1,4,2,10,5,4
1,taiwanjones/2495467,2017,RB,Buffalo Bills,8,0,0,0,0,0,0,0,0,0,0,0,1,11,11,1.4,11,0,0,0,1,0,0
1,taiwanjones/2495467,2016,RB,Oakland Raiders,13,1,0.1,-8,-8,-0.6,0,-8,0,0,0,0,4,43,10.8,3.3,16,0,0,0,3,0,0
3,taiwanjones/2495467,2015,RB,Oakland Raiders,12,16,1.3,74,4.6,6.2,0,19,3,18.8,0,0,7,106,15.1,8.8,59,1,1,1,4,2,1
1,taiwanjones/2495467,2014,RB,Oakland Raiders,1,0,0,0,0,0,0,0,0,0,0,0,0,0,0,0,0,0,0,0,0,0,0
3,taiwanjones/2495467,2013,RB,Oakland Raiders,16,5,0.3,23,4.6,1.4,0,19,1,20,0,0,2,55,27.5,3.4,52,0,1,1,1,2,1
3,taiwanjones/2495467,2012,RB,Oakland Raiders,14,6,0.4,21,3.5,1.5,0,7,1,16.7,0,0,2,11,5.5,0.8,7,0,0,0,0,1,0
3,taiwanjones/2495467,2011,RB,Oakland Raiders,10,16,1.6,73,4.6,7.3,0,14,2,12.5,0,0,2,25,12.5,2.5,30,0,1,0,1,0,0
3,kylejuszczyk/2540230,2017,RB,San Francisco 49ers,14,7,0.5,31,4.4,2.2,0,12,4,57.1,0,0,33,315,9.5,22.5,44,1,4,1,13,2,2
3,kylejuszczyk/2540230,2016,RB,Baltimore Ravens,16,5,0.3,22,4.4,1.4,1,10,3,60,0,0,37,266,7.2,16.6,40,0,1,1,12,0,0
0,kylejuszczyk/2540230,2015,RB,Baltimore Ravens,16,2,0.1,3,1.5,0.2,0,2,0,0,0,0,41,321,7.8,20.1,39,4,3,0,17,0,0
1,kylejuszczyk/2540230,2014,RB,Baltimore Ravens,16,0,0,0,0,0,0,0,0,0,0,0,19,182,9.6,11.4,33,1,2,0,6,2,2
1,kylejuszczyk/2540230,2013,RB,Baltimore Ravens,16,0,0,0,0,0,0,0,0,0,0,0,0,0,0,0,0,0,0,0,0,0,0
0,alvinkamara/2558019,2017,RB,New Orleans Saints,16,120,7.5,728,6.1,45.5,8,74,40,33.3,5,1,81,826,10.2,51.6,40,5,11,1,38,1,1
3,robkelley/2556414,2017,RB,Washington Redskins,7,62,8.9,194,3.1,27.7,3,21,8,12.9,1,0,4,18,4.5,2.6,9,0,0,0,3,0,0
2,robkelley/2556414,2016,RB,Washington Redskins,15,168,11.2,704,4.2,46.9,6,66,29,17.3,4,2,12,82,6.8,5.5,22,1,1,0,6,0,0
3,jeremylangford/2552379,2016,RB,Chicago Bears,12,62,5.2,200,3.2,16.7,4,23,12,19.4,1,0,19,142,7.5,11.8,19,0,0,0,7,2,2
2,jeremylangford/2552379,2015,RB,Chicago Bears,16,148,9.2,537,3.6,33.6,6,23,28,18.9,1,0,22,279,12.7,17.4,83,1,3,1,9,0,0
1,daniellasco/2555219,2017,RB,New Orleans Saints,3,0,0,0,0,0,0,0,0,0,0,0,0,0,0,0,0,0,0,0,0,0,0
1,daniellasco/2555219,2016,RB,New Orleans Saints,7,11,1.6,32,2.9,4.6,0,6,1,9.1,0,0,2,11,5.5,1.6,7,0,0,0,0,0,0
4,dionlewis/2495469,2017,RB,New England Patriots,16,180,11.2,896,5,56,6,44,48,26.7,7,1,32,214,6.7,13.4,20,3,1,0,11,0,0
3,dionlewis/2495469,2016,RB,New England Patriots,7,64,9.1,283,4.4,40.4,0,15,14,21.9,0,0,17,94,5.5,13.4,16,0,0,0,4,1,0
0,dionlewis/2495469,2015,RB,New England Patriots,7,49,7,234,4.8,33.4,2,13,15,30.6,0,0,36,388,10.8,55.4,40,2,1,1,16,2,1
1,dionlewis/2495469,2014,RB,Indianapolis Colts,0,0,0,0,0,0,0,0,0,0,0,0,0,0,0,0,0,0,0,0,0,0,0
3,dionlewis/2495469,2012,RB,Philadelphia Eagles,9,13,1.4,69,5.3,7.7,1,17,5,38.5,0,0,2,24,12,2.7,28,0,1,0,1,0,0
3,dionlewis/2495469,2011,RB,Philadelphia Eagles,15,23,1.5,102,4.4,6.8,1,20,5,21.7,1,0,1,-3,-3,-0.2,-3,0,0,0,0,1,1
3,zachline/2539303,2017,RB,New Orleans Saints,12,7,0.6,28,4,2.3,0,9,5,71.4,0,0,2,8,4,0.7,5,1,0,0,1,0,0
3,zachline/2539303,2016,RB,Minnesota Vikings,15,7,0.5,15,2.1,1,0,5,3,42.9,0,0,0,0,0,0,0,0,0,0,0,0,0
3,zachline/2539303,2015,RB,Minnesota Vikings,16,6,0.4,10,1.7,0.6,2,3,3,50,0,0,6,95,15.8,5.9,49,1,2,1,4,0,0
1,zachline/2539303,2014,RB,Minnesota Vikings,1,0,0,0,0,0,0,0,0,0,0,0,0,0,0,0,0,0,0,0,0,0,0
1,zachline/2539303,2013,RB,Minnesota Vikings,3,0,0,0,0,0,0,0,0,0,0,0,1,8,8,2.7,8,0,0,0,0,0,0
2,marshawnlynch/2495663,2017,RB,Oakland Raiders,15,207,13.8,891,4.3,59.4,7,51,44,21.3,5,1,20,151,7.6,10.1,25,0,3,0,6,1,1
2,marshawnlynch/2495663,2015,RB,Seattle Seahawks,7,111,15.9,417,3.8,59.6,3,24,29,26.1,1,0,13,80,6.2,11.4,19,0,0,0,5,0,0
4,marshawnlynch/2495663,2014,RB,Seattle Seahawks,16,280,17.5,1306,4.7,81.6,13,79,65,23.2,7,1,37,367,9.9,22.9,39,4,5,0,16,3,2
4,marshawnlynch/2495663,2013,RB,Seattle Seahawks,16,301,18.8,1257,4.2,78.6,12,43,68,22.6,6,1,36,316,8.8,19.8,55,2,5,1,12,4,1
4,marshawnlynch/2495663,2012,RB,Seattle Seahawks,16,315,19.7,1590,5,99.4,11,77,68,21.6,9,2,23,196,8.5,12.2,27,1,2,0,11,5,2
4,marshawnlynch/2495663,2011,RB,Seattle Seahawks,15,285,19,1204,4.2,80.3,12,47,63,22.1,4,2,28,212,7.6,14.1,26,1,5,0,8,3,2
2,marshawnlynch/2495663,2010,RB,Seattle Seahawks,12,165,13.8,573,3.5,47.8,6,39,29,17.6,5,0,21,138,6.6,11.5,22,0,1,0,5,3,3
3,marshawnlynch/2495663,2010,RB,Buffalo Bills,4,37,9.2,164,4.4,41,0,17,9,24.3,0,0,1,7,7,1.8,7,0,0,0,0,1,1
2,marshawnlynch/2495663,2009,RB,Buffalo Bills,13,120,9.2,450,3.8,34.6,2,47,18,15,2,1,28,179,6.4,13.8,35,0,3,0,6,3,1
4,marshawnlynch/2495663,2008,RB,Buffalo Bills,15,250,16.7,1036,4.1,69.1,8,50,53,21.2,5,1,47,300,6.4,20,42,1,1,1,14,2,1
4,marshawnlynch/2495663,2007,RB,Buffalo Bills,13,280,21.5,1115,4,85.8,7,56,51,18.2,6,2,18,184,10.2,14.2,30,0,4,0,10,2,1
2,marlonmack/2558123,2017,RB,Indianapolis Colts,14,93,6.6,358,3.8,25.6,3,35,21,22.6,6,0,21,225,10.7,16.1,34,1,4,0,10,1,0
1,terrencemagee/2552383,2017,RB,Atlanta Falcons,2,0,0,0,0,0,0,0,0,0,0,0,0,0,0,0,0,0,0,0,0,0,0
1,terrencemagee/2552383,2016,RB,Seattle Seahawks,2,3,1.5,12,4,6,0,5,0,0,0,0,0,0,0,0,0,0,0,0,0,0,0
1,terrencemagee/2552383,2015,RB,Baltimore Ravens,4,2,0.5,5,2.5,1.2,0,4,0,0,0,0,1,2,2,0.5,2,0,0,0,0,0,0
1,byronmarshall/2556841,2017,RB,Washington Redskins,4,9,2.2,32,3.6,8,0,11,1,11.1,0,0,6,36,6,9,12,0,0,0,0,0,0
3,byronmarshall/2556841,2016,RB,Philadelphia Eagles,3,19,6.3,64,3.4,21.3,0,12,5,26.3,0,0,3,10,3.3,3.3,7,0,0,0,1,0,0
2,dougmartin/2532899,2017,RB,Tampa Bay Buccaneers,11,138,12.5,406,2.9,36.9,3,27,21,15.2,1,0,9,84,9.3,7.6,17,0,0,0,6,1,1
2,dougmartin/2532899,2016,RB,Tampa Bay Buccaneers,8,144,18,421,2.9,52.6,3,17,23,16,0,0,14,134,9.6,16.8,27,0,2,0,4,1,1
4,dougmartin/2532899,2015,RB,Tampa Bay Buccaneers,16,288,18,1402,4.9,87.6,6,84,61,21.2,14,4,33,271,8.2,16.9,25,1,2,0,10,5,5
2,dougmartin/2532899,2014,RB,Tampa Bay Buccaneers,11,134,12.2,494,3.7,44.9,2,63,23,17.2,2,2,13,64,4.9,5.8,20,0,1,0,3,0,0
2,dougmartin/2532899,2013,RB,Tampa Bay Buccaneers,6,127,21.2,456,3.6,76,1,28,16,12.6,2,0,12,66,5.5,11,13,0,0,0,1,2,1
4,dougmartin/2532899,2012,RB,Tampa Bay Buccaneers,16,319,19.9,1454,4.6,90.9,11,70,58,18.2,11,5,49,472,9.6,29.5,64,1,4,3,18,1,1
1,devantemays/2558837,2017,RB,Green Bay Packers,8,4,0.5,1,0.3,0.1,0,2,0,0,0,0,3,0,0,0,1,0,0,0,0,2,1
0,christianmccaffrey/2557997,2017,RB,Carolina Panthers,16,117,7.3,435,3.7,27.2,2,40,21,17.9,1,1,80,651,8.1,40.7,37,5,7,0,36,2,1
4,leseanmccoy/79607,2017,RB,Buffalo Bills,16,287,17.9,1138,4,71.1,6,48,55,19.2,12,1,59,448,7.6,28,39,2,3,0,23,3,1
4,leseanmccoy/79607,2016,RB,Buffalo Bills,15,234,15.6,1267,5.4,84.5,13,75,55,23.5,11,3,50,356,7.1,23.7,41,1,2,1,18,3,0
4,leseanmccoy/79607,2015,RB,Buffalo Bills,12,203,16.9,895,4.4,74.6,3,48,42,20.7,6,1,32,292,9.1,24.3,22,2,3,0,12,2,2
4,leseanmccoy/79607,2014,RB,Philadelphia Eagles,16,312,19.5,1319,4.2,82.4,5,53,67,21.5,9,1,28,155,5.5,9.7,18,0,0,0,10,4,3
4,leseanmccoy/79607,2013,RB,Philadelphia Eagles,16,314,19.6,1607,5.1,100.4,9,57,79,25.2,9,3,52,539,10.4,33.7,70,2,8,3,23,1,1
0,leseanmccoy/79607,2012,RB,Philadelphia Eagles,12,200,16.7,840,4.2,70,2,34,45,22.5,7,0,54,373,6.9,31.1,36,3,4,0,19,4,3
4,leseanmccoy/79607,2011,RB,Philadelphia Eagles,15,273,18.2,1309,4.8,87.3,17,60,84,30.8,14,2,48,315,6.6,21,26,3,2,0,18,1,1
4,leseanmccoy/79607,2010,RB,Philadelphia Eagles,15,207,13.8,1080,5.2,72,7,62,48,23.2,7,5,78,592,7.6,39.5,40,2,6,1,31,2,1
2,leseanmccoy/79607,2009,RB,Philadelphia Eagles,16,155,9.7,637,4.1,39.8,4,66,28,18.1,1,1,40,308,7.7,19.2,45,0,2,1,13,2,1
3,elijahmcguire/2557934,2017,RB,New York Jets,16,88,5.5,315,3.6,19.7,1,69,14,15.9,1,1,17,177,10.4,11.1,38,1,2,0,9,2,2
0,jerickmckinnon/2543715,2017,RB,Minnesota Vikings,16,150,9.4,570,3.8,35.6,3,58,23,15.3,2,1,51,421,8.3,26.3,41,2,7,1,20,3,2
0,jerickmckinnon/2543715,2016,RB,Minnesota Vikings,15,159,10.6,539,3.4,35.9,2,36,21,13.2,2,0,43,255,5.9,17,41,2,2,1,16,0,0
3,jerickmckinnon/2543715,2015,RB,Minnesota Vikings,16,52,3.2,271,5.2,16.9,2,68,12,23.1,1,1,21,173,8.2,10.8,30,1,2,0,9,0,0
2,jerickmckinnon/2543715,2014,RB,Minnesota Vikings,11,113,10.3,538,4.8,48.9,0,55,21,18.6,4,1,27,135,5,12.3,17,0,0,0,7,0,0
0,j.d.mckissic/2556440,2017,RB,Seattle Seahawks,13,46,3.5,187,4.1,14.4,1,30,8,17.4,1,0,34,266,7.8,20.5,27,2,3,0,12,0,0
1,j.d.mckissic/2556440,2016,RB,Seattle Seahawks,1,1,1,2,2,2,0,2,0,0,0,0,2,16,8,16,10,0,0,0,0,0,0
1,j.d.mckissic/2556440,2016,RB,Atlanta Falcons,0,0,0,0,0,0,0,0,0,0,0,0,0,0,0,0,0,0,0,0,0,0,0
3,christinemichael/2539322,2016,RB,Green Bay Packers,6,31,5.2,114,3.7,19,1,42,5,16.1,1,1,2,11,5.5,1.8,10,0,0,0,1,0,0
2,christinemichael/2539322,2016,RB,Seattle Seahawks,9,117,13,469,4,52.1,6,41,27,23.1,2,1,20,96,4.8,10.7,13,1,0,0,3,2,1
3,christinemichael/2539322,2015,RB,Seattle Seahawks,3,39,13,192,4.9,64,0,45,10,25.6,1,1,2,14,7,4.7,11,0,0,0,1,0,0
3,christinemichael/2539322,2015,RB,Dallas Cowboys,5,15,3,51,3.4,10.2,0,13,4,26.7,0,0,1,2,2,0.4,2,0,0,0,0,0,0
3,christinemichael/2539322,2014,RB,Seattle Seahawks,10,34,3.4,175,5.1,17.5,0,45,11,32.4,1,1,1,12,12,1.2,12,0,0,0,0,1,0
3,christinemichael/2539322,2013,RB,Seattle Seahawks,4,18,4.5,79,4.4,19.8,0,13,5,27.8,0,0,0,0,0,0,0,0,0,0,0,0,0
0,lamarmiller/2533034,2017,RB,Houston Texans,16,238,14.9,888,3.7,55.5,3,21,43,18.1,1,0,36,327,9.1,20.4,32,3,3,0,17,1,0
4,lamarmiller/2533034,2016,RB,Houston Texans,14,268,19.1,1073,4,76.6,5,45,52,19.4,7,1,31,188,6.1,13.4,16,1,0,0,9,2,1
4,lamarmiller/2533034,2015,RB,Miami Dolphins,16,194,12.1,872,4.5,54.5,8,85,40,20.6,7,1,47,397,8.4,24.8,54,2,6,1,14,1,1
4,lamarmiller/2533034,2014,RB,Miami Dolphins,16,216,13.5,1099,5.1,68.7,8,97,57,26.4,9,1,38,275,7.2,17.2,20,1,1,0,10,3,3
2,lamarmiller/2533034,2013,RB,Miami Dolphins,16,177,11.1,709,4,44.3,2,49,26,14.7,4,2,26,170,6.5,10.6,22,0,1,0,6,1,1
3,lamarmiller/2533034,2012,RB,Miami Dolphins,13,51,3.9,250,4.9,19.2,1,28,12,23.5,2,0,6,45,7.5,3.5,12,0,0,0,4,0,0
2,joemixon/2557976,2017,RB,Cincinnati Bengals,14,178,12.7,626,3.5,44.7,4,25,35,19.7,2,0,30,287,9.6,20.5,67,0,3,1,9,3,2
3,tymontgomery/2552429,2017,RB,Green Bay Packers,8,71,8.9,273,3.8,34.1,3,37,13,18.3,1,0,23,173,7.5,21.6,23,1,3,0,8,0,0
0,tymontgomery/2552429,2016,RB,Green Bay Packers,15,77,5.1,457,5.9,30.5,3,61,20,26,5,1,44,348,7.9,23.2,24,0,1,0,19,2,1
3,tymontgomery/2552429,2015,RB,Green Bay Packers,6,3,0.5,14,4.7,2.3,0,9,0,0,0,0,15,136,9.1,22.7,31,2,1,0,6,0,0
2,alfredmorris/2533457,2017,RB,Dallas Cowboys,14,115,8.2,547,4.8,39.1,1,70,25,21.7,4,1,7,45,6.4,3.2,13,0,0,0,1,0,0
3,alfredmorris/2533457,2016,RB,Dallas Cowboys,14,69,4.9,243,3.5,17.4,2,17,15,21.7,0,0,3,11,3.7,0.8,6,0,0,0,0,0,0
2,alfredmorris/2533457,2015,RB,Washington Redskins,16,202,12.6,751,3.7,46.9,1,48,32,15.8,4,1,10,55,5.5,3.4,12,0,0,0,2,0,0
2,alfredmorris/2533457,2014,RB,Washington Redskins,16,265,16.6,1074,4.1,67.1,8,30,48,18.1,9,0,17,155,9.1,9.7,26,0,2,0,8,2,0
4,alfredmorris/2533457,2013,RB,Washington Redskins,16,276,17.2,1275,4.6,79.7,7,45,57,20.7,10,1,9,78,8.7,4.9,17,0,0,0,2,5,4
4,alfredmorris/2533457,2012,RB,Washington Redskins,16,335,20.9,1613,4.8,100.8,13,39,83,24.8,9,0,11,77,7,4.8,20,0,1,0,3,4,3
3,raheemmostert/2553728,2017,RB,San Francisco 49ers,11,6,0.5,30,5,2.7,0,16,1,16.7,0,0,0,0,0,0,0,0,0,0,0,1,1
1,raheemmostert/2553728,2016,RB,San Francisco 49ers,1,1,1,6,6,6,0,6,0,0,0,0,0,0,0,0,0,0,0,0,0,0,0
1,raheemmostert/2553728,2016,RB,Chicago Bears,2,0,0,0,0,0,0,0,0,0,0,0,0,0,0,0,0,0,0,0,0,0,0
1,raheemmostert/2553728,2015,RB,Cleveland Browns,3,0,0,0,0,0,0,0,0,0,0,0,0,0,0,0,0,0,0,0,0,1,1
1,raheemmostert/2553728,2015,RB,Baltimore Ravens,7,0,0,0,0,0,0,0,0,0,0,0,0,0,0,0,0,0,0,0,0,0,0
1,raheemmostert/2553728,2015,RB,Miami Dolphins,1,0,0,0,0,0,0,0,0,0,0,0,0,0,0,0,0,0,0,0,0,0,0
3,marcusmurphy/2552647,2017,RB,Buffalo Bills,1,7,7,41,5.9,41,0,25,2,28.6,1,0,2,7,3.5,7,5,0,0,0,1,0,0
1,marcusmurphy/2552647,2016,RB,New Orleans Saints,3,0,0,0,0,0,0,0,0,0,0,0,1,3,3,1,3,0,0,0,0,0,0
1,marcusmurphy/2552647,2015,RB,New Orleans Saints,13,1,0.1,0,0,0,0,0,0,0,0,0,0,0,0,0,0,0,0,0,0,3,1
2,lataviusmurray/2541161,2017,RB,Minnesota Vikings,16,216,13.5,842,3.9,52.6,8,46,42,19.4,7,1,15,103,6.9,6.4,28,0,1,0,3,1,0
4,lataviusmurray/2541161,2016,RB,Oakland Raiders,14,195,13.9,788,4,56.3,12,42,52,26.7,5,1,33,264,8,18.9,39,0,2,0,11,2,1
4,lataviusmurray/2541161,2015,RB,Oakland Raiders,16,266,16.6,1066,4,66.6,6,54,49,18.4,9,2,41,232,5.7,14.5,23,0,1,0,9,4,1
2,lataviusmurray/2541161,2014,RB,Oakland Raiders,15,82,5.5,424,5.2,28.3,2,90,18,22,4,1,17,143,8.4,9.5,46,0,1,1,3,1,0
3,jamizeolawale/2536044,2017,RB,Oakland Raiders,12,9,0.8,43,4.8,3.6,1,11,5,55.6,0,0,6,33,5.5,2.8,9,0,0,0,1,1,0
3,jamizeolawale/2536044,2016,RB,Oakland Raiders,16,17,1.1,47,2.8,2.9,2,17,5,29.4,0,0,12,227,18.9,14.2,75,1,2,2,5,0,0
3,jamizeolawale/2536044,2015,RB,Oakland Raiders,14,24,1.7,110,4.6,7.9,1,19,9,37.5,0,0,9,84,9.3,6,15,0,0,0,5,0,0
1,jamizeolawale/2536044,2014,RB,Oakland Raiders,16,2,0.1,0,0,0,0,0,0,0,0,0,5,18,3.6,1.1,7,2,0,0,2,0,0
1,jamizeolawale/2536044,2013,RB,Oakland Raiders,16,3,0.2,6,2,0.4,0,4,0,0,0,0,7,63,9,3.9,25,0,1,0,3,0,0
1,jamizeolawale/2536044,2012,RB,Oakland Raiders,3,0,0,0,0,0,0,0,0,0,0,0,0,0,0,0,0,0,0,0,0,0,0
1,brandenoliver/2550658,2017,RB,Los Angeles Chargers,8,35,4.4,83,2.4,10.4,0,26,6,17.1,1,0,6,26,4.3,3.2,11,0,0,0,2,0,0
3,brandenoliver/2550658,2015,RB,San Diego Chargers,8,31,3.9,108,3.5,13.5,0,15,8,25.8,0,0,13,112,8.6,14,17,0,0,0,5,0,0
2,brandenoliver/2550658,2014,RB,San Diego Chargers,14,160,11.4,582,3.6,41.6,3,52,30,18.8,3,1,36,271,7.5,19.4,50,1,3,1,11,0,0
3,elijhaapenny/2556762,2017,RB,Arizona Cardinals,16,31,1.9,124,4,7.8,2,14,7,22.6,0,0,4,38,9.5,2.4,18,0,0,0,2,0,0
2,samajeperine/2558138,2017,RB,Washington Redskins,16,175,10.9,603,3.4,37.7,1,30,22,12.6,1,0,22,182,8.3,11.4,25,1,2,0,9,2,2
1,paulperkins/2555460,2017,RB,New York Giants,11,41,3.7,90,2.2,8.2,0,14,3,7.3,0,0,8,46,5.8,4.2,11,0,0,0,1,0,0
3,paulperkins/2555460,2016,RB,New York Giants,14,112,8,456,4.1,32.6,0,22,22,19.6,2,0,15,162,10.8,11.6,67,0,1,1,6,1,0
3,senoriseperry/2550633,2017,RB,Miami Dolphins,16,8,0.5,30,3.8,1.9,0,12,2,25,0,0,1,3,3,0.2,3,0,0,0,0,0,0
1,senoriseperry/2550633,2014,RB,Chicago Bears,16,0,0,0,0,0,0,0,0,0,0,0,1,-1,-1,-0.1,-1,0,0,0,0,0,0
3,troymainepope/2557531,2016,RB,Seattle Seahawks,3,11,3.7,43,3.9,14.3,0,18,3,27.3,0,0,1,5,5,1.7,5,0,0,0,0,0,0
1,troymainepope/2557531,2016,RB,New York Jets,1,1,1,1,1,1,0,1,0,0,0,0,0,0,0,0,0,0,0,0,0,0,0
4,bilalpowell/2495328,2017,RB,New York Jets,15,178,11.9,772,4.3,51.5,5,75,30,16.9,9,4,23,170,7.4,11.3,31,0,1,0,8,1,1
0,bilalpowell/2495328,2016,RB,New York Jets,16,131,8.2,722,5.5,45.1,3,35,45,34.4,4,0,58,388,6.7,24.2,22,2,1,0,22,1,1
0,bilalpowell/2495328,2015,RB,New York Jets,11,70,6.4,313,4.5,28.5,1,24,18,25.7,3,0,47,388,8.3,35.3,25,2,3,0,21,2,0
3,bilalpowell/2495328,2014,RB,New York Jets,15,33,2.2,141,4.3,9.4,1,15,7,21.2,0,0,11,92,8.4,6.1,20,0,1,0,5,0,0
2,bilalpowell/2495328,2013,RB,New York Jets,16,176,11,697,4,43.6,1,39,35,19.9,3,0,36,272,7.6,17,36,0,3,0,13,1,0
3,bilalpowell/2495328,2012,RB,New York Jets,14,110,7.9,437,4,31.2,4,18,23,20.9,0,0,17,140,8.2,10,16,0,0,0,9,0,0
1,bilalpowell/2495328,2011,RB,New York Jets,2,13,6.5,21,1.6,10.5,0,6,0,0,0,0,1,7,7,3.5,7,0,0,0,0,1,0
1,jayprosch/2543695,2017,RB,Houston Texans,16,0,0,0,0,0,0,0,0,0,0,0,4,31,7.8,1.9,18,0,0,0,1,0,0
3,jayprosch/2543695,2016,RB,Houston Texans,15,4,0.3,9,2.3,0.6,0,5,3,75,0,0,1,6,6,0.4,6,0,0,0,1,0,0
3,jayprosch/2543695,2015,RB,Houston Texans,16,6,0.4,33,5.5,2.1,0,16,3,50,0,0,0,0,0,0,0,0,0,0,0,0,0
3,jayprosch/2543695,2014,RB,Houston Texans,16,0,0,0,0,0,0,0,0,0,0,0,1,24,24,1.5,24,0,1,0,1,0,0
3,c.j.prosise/2555417,2017,RB,Seattle Seahawks,5,11,2.2,23,2.1,4.6,0,8,1,9.1,0,0,6,87,14.5,17.4,46,0,1,1,3,0,0
3,c.j.prosise/2555417,2016,RB,Seattle Seahawks,6,30,5,172,5.7,28.7,1,72,3,10,1,1,17,208,12.2,34.7,43,0,2,1,8,0,0
3,thomasrawls/2553733,2017,RB,Seattle Seahawks,12,58,4.8,157,2.7,13.1,0,23,6,10.3,1,0,9,94,10.4,7.8,22,0,1,0,4,1,1
2,thomasrawls/2553733,2016,RB,Seattle Seahawks,9,109,12.1,349,3.2,38.8,3,45,21,19.3,1,1,13,96,7.4,10.7,20,0,1,0,4,0,0
2,thomasrawls/2553733,2015,RB,Seattle Seahawks,13,147,11.3,830,5.6,63.8,4,69,37,25.2,7,1,9,76,8.4,5.8,31,1,1,0,2,1,1
3,jalenrichard/2556885,2017,RB,Oakland Raiders,16,56,3.5,275,4.9,17.2,1,52,10,17.9,2,1,27,256,9.5,16,39,1,3,0,13,8,3
2,jalenrichard/2556885,2016,RB,Oakland Raiders,16,83,5.2,491,5.9,30.7,1,75,14,16.9,5,1,29,194,6.7,12.1,29,2,2,0,8,0,0
0,theoriddick/2540020,2017,RB,Detroit Lions,16,84,5.2,286,3.4,17.9,3,21,11,13.1,1,0,53,444,8.4,27.8,63,2,5,1,20,1,1
0,theoriddick/2540020,2016,RB,Detroit Lions,10,92,9.2,357,3.9,35.7,1,42,19,20.7,2,1,53,371,7,37.1,23,5,2,0,20,0,0
0,theoriddick/2540020,2015,RB,Detroit Lions,16,43,2.7,133,3.1,8.3,0,16,6,14,0,0,80,697,8.7,43.6,34,3,7,0,32,1,1
0,theoriddick/2540020,2014,RB,Detroit Lions,14,20,1.4,51,2.6,3.6,0,9,2,10,0,0,34,316,9.3,22.6,41,4,3,1,14,0,0
3,theoriddick/2540020,2013,RB,Detroit Lions,14,9,0.6,25,2.8,1.8,1,7,2,22.2,0,0,4,26,6.5,1.9,8,0,0,0,1,0,0
3,stevanridley/2495470,2017,RB,Pittsburgh Steelers,2,26,13,108,4.2,54,1,21,6,23.1,1,0,0,0,0,0,0,0,0,0,0,0,0
1,stevanridley/2495470,2016,RB,Atlanta Falcons,1,3,3,7,2.3,7,0,7,1,33.3,0,0,0,0,0,0,0,0,0,0,0,0,0
1,stevanridley/2495470,2015,RB,New York Jets,8,36,4.5,90,2.5,11.2,0,13,5,13.9,0,0,4,-2,-0.5,-0.2,3,0,0,0,0,0,0
2,stevanridley/2495470,2014,RB,New England Patriots,6,94,15.7,340,3.6,56.7,2,43,16,17,1,1,4,20,5,3.3,7,0,0,0,0,0,0
2,stevanridley/2495470,2013,RB,New England Patriots,14,178,12.7,773,4.3,55.2,7,29,39,21.9,3,0,10,62,6.2,4.4,24,0,1,0,2,4,4
4,stevanridley/2495470,2012,RB,New England Patriots,16,290,18.1,1263,4.4,78.9,12,41,82,28.3,6,1,6,51,8.5,3.2,20,0,1,0,2,4,2
3,stevanridley/2495470,2011,RB,New England Patriots,16,87,5.4,441,5.1,27.6,1,33,18,20.7,5,0,3,13,4.3,0.8,8,0,0,0,0,1,0
3,jacquizzrodgers/2495471,2017,RB,Tampa Bay Buccaneers,16,64,4,244,3.8,15.2,1,36,11,17.2,1,0,9,74,8.2,4.6,15,0,0,0,4,0,0
2,jacquizzrodgers/2495471,2016,RB,Tampa Bay Buccaneers,10,129,12.9,560,4.3,56,2,45,29,22.5,3,1,13,98,7.5,9.8,21,0,1,0,3,0,0
3,jacquizzrodgers/2495471,2015,RB,Chicago Bears,5,14,2.8,41,2.9,8.2,0,5,3,21.4,0,0,1,10,10,2,10,0,0,0,0,0,0
3,jacquizzrodgers/2495471,2014,RB,Atlanta Falcons,16,58,3.6,217,3.7,13.6,1,17,12,20.7,0,0,29,173,6,10.8,14,1,0,0,9,1,0
0,jacquizzrodgers/2495471,2013,RB,Atlanta Falcons,15,96,6.4,332,3.5,22.1,2,19,19,19.8,0,0,52,341,6.6,22.7,22,2,1,0,12,1,1
0,jacquizzrodgers/2495471,2012,RB,Atlanta Falcons,16,94,5.9,362,3.9,22.6,1,43,16,17,2,1,53,402,7.6,25.1,32,1,2,0,17,0,0
3,jacquizzrodgers/2495471,2011,RB,Atlanta Falcons,16,57,3.6,205,3.6,12.8,1,13,15,26.3,0,0,21,188,9,11.8,31,1,1,0,7,1,1
3,anthonysherman/2495340,2017,RB,Kansas City Chiefs,16,14,0.9,40,2.9,2.5,1,9,5,35.7,0,0,6,47,7.8,2.9,11,0,0,0,3,0,0
1,anthonysherman/2495340,2016,RB,Kansas City Chiefs,16,0,0,0,0,0,0,0,0,0,0,0,4,11,2.8,0.7,6,0,0,0,0,0,0
1,anthonysherman/2495340,2015,RB,Kansas City Chiefs,16,1,0.1,0,0,0,0,0,0,0,0,0,4,34,8.5,2.1,18,0,0,0,1,0,0
3,anthonysherman/2495340,2014,RB,Kansas City Chiefs,16,2,0.1,8,4,0.5,0,4,1,50,0,0,10,71,7.1,4.4,24,1,1,0,4,0,0
3,anthonysherman/2495340,2013,RB,Kansas City Chiefs,16,2,0.1,3,1.5,0.2,0,2,1,50,0,0,18,155,8.6,9.7,26,1,1,0,8,1,1
1,anthonysherman/2495340,2012,RB,Arizona Cardinals,13,0,0,0,0,0,0,0,0,0,0,0,5,39,7.8,3,19,0,0,0,1,0,0
3,anthonysherman/2495340,2011,RB,Arizona Cardinals,15,1,0.1,3,3,0.2,0,3,1,100,0,0,8,72,9,4.8,19,0,0,0,3,0,0
3,charlessims/2543770,2017,RB,Tampa Bay Buccaneers,16,21,1.3,95,4.5,5.9,0,21,6,28.6,1,0,35,249,7.1,15.6,25,1,2,0,12,1,1
3,charlessims/2543770,2016,RB,Tampa Bay Buccaneers,7,51,7.3,149,2.9,21.3,1,23,6,11.8,1,0,24,190,7.9,27.1,33,1,2,0,9,1,1
0,charlessims/2543770,2015,RB,Tampa Bay Buccaneers,16,107,6.7,529,4.9,33.1,0,59,20,18.7,4,1,51,561,11,35.1,56,4,3,2,22,2,2
3,charlessims/2543770,2014,RB,Tampa Bay Buccaneers,8,66,8.2,185,2.8,23.1,1,20,10,15.2,1,0,19,190,10,23.8,24,0,2,0,6,2,1
3,wendellsmallwood/2555461,2017,RB,Philadelphia Eagles,8,47,5.9,174,3.7,21.8,1,26,9,19.1,2,0,13,103,7.9,12.9,24,0,1,0,6,0,0
3,wendellsmallwood/2555461,2016,RB,Philadelphia Eagles,13,77,5.9,312,4.1,24,1,19,20,26,0,0,6,55,9.2,4.2,18,0,0,0,1,1,1
1,keithsmith/2550400,2017,RB,Dallas Cowboys,16,0,0,0,0,0,0,0,0,0,0,0,5,26,5.2,1.6,12,0,0,0,2,0,0
3,keithsmith/2550400,2016,RB,Dallas Cowboys,16,2,0.1,5,2.5,0.3,0,3,2,100,0,0,3,20,6.7,1.2,14,0,0,0,1,0,0
1,keithsmith/2550400,2015,RB,Dallas Cowboys,5,0,0,0,0,0,0,0,0,0,0,0,0,0,0,0,0,0,0,0,0,0,0
1,keithsmith/2550400,2014,RB,Dallas Cowboys,10,0,0,0,0,0,0,0,0,0,0,0,0,0,0,0,0,0,0,0,0,0,0
3,rodsmith/2553743,2017,RB,Dallas Cowboys,15,55,3.7,232,4.2,15.5,4,45,15,27.3,1,1,19,202,10.6,13.5,81,1,1,1,9,0,0
1,rodsmith/2553743,2016,RB,Dallas Cowboys,7,0,0,0,0,0,0,0,0,0,0,0,1,4,4,0.6,4,0,0,0,0,0,0
1,rodsmith/2553743,2015,RB,Dallas Cowboys,10,0,0,0,0,0,0,0,0,0,0,0,1,6,6,0.6,6,0,0,0,1,0,0
3,rodsmith/2553743,2015,RB,Seattle Seahawks,1,2,2,5,2.5,5,0,3,1,50,0,0,0,0,0,0,0,0,0,0,0,0,0
3,darrensproles/2506467,2017,RB,Philadelphia Eagles,3,15,5,61,4.1,20.3,0,12,4,26.7,0,0,7,73,10.4,24.3,16,0,0,0,3,1,1
0,darrensproles/2506467,2016,RB,Philadelphia Eagles,15,94,6.3,438,4.7,29.2,2,25,22,23.4,1,0,52,427,8.2,28.5,73,2,2,2,19,1,0
0,darrensproles/2506467,2015,RB,Philadelphia Eagles,16,83,5.2,317,3.8,19.8,3,27,21,25.3,1,0,55,388,7.1,24.2,35,1,2,0,19,2,0
0,darrensproles/2506467,2014,RB,Philadelphia Eagles,15,57,3.8,329,5.8,21.9,6,49,18,31.6,2,1,40,387,9.7,25.8,57,0,4,2,17,4,1
0,darrensproles/2506467,2013,RB,New Orleans Saints,15,53,3.5,220,4.2,14.7,2,38,11,20.8,1,0,71,604,8.5,40.3,48,2,7,1,24,2,2
0,darrensproles/2506467,2012,RB,New Orleans Saints,13,48,3.7,244,5.1,18.8,1,47,9,18.8,2,1,75,667,8.9,51.3,44,7,7,1,29,0,0
0,darrensproles/2506467,2011,RB,New Orleans Saints,16,87,5.4,603,6.9,37.7,2,36,27,31,7,0,86,710,8.3,44.4,39,7,7,0,35,0,0
0,darrensproles/2506467,2010,RB,San Diego Chargers,16,50,3.1,267,5.3,16.7,0,34,10,20,3,0,59,520,8.8,32.5,57,2,3,2,25,3,3
0,darrensproles/2506467,2009,RB,San Diego Chargers,16,93,5.8,343,3.7,21.4,3,21,15,16.1,2,0,45,497,11,31.1,81,4,7,2,20,3,1
0,darrensproles/2506467,2008,RB,San Diego Chargers,16,61,3.8,330,5.4,20.6,1,37,15,24.6,3,0,29,342,11.8,21.4,66,5,5,1,14,3,2
3,darrensproles/2506467,2007,RB,San Diego Chargers,15,37,2.5,164,4.4,10.9,2,34,6,16.2,1,0,10,31,3.1,2.1,14,0,0,0,3,1,0
1,darrensproles/2506467,2006,RB,San Diego Chargers,0,0,0,0,0,0,0,0,0,0,0,0,0,0,0,0,0,0,0,0,0,0,0
3,darrensproles/2506467,2005,RB,San Diego Chargers,15,8,0.5,50,6.3,3.3,0,21,2,25,1,0,3,10,3.3,0.7,6,0,0,0,0,3,2
2,jonathanstewart/949,2017,RB,Carolina Panthers,15,198,13.2,680,3.4,45.3,6,60,41,20.7,1,1,8,52,6.5,3.5,21,1,1,0,2,3,3
2,jonathanstewart/949,2016,RB,Carolina Panthers,13,218,16.8,824,3.8,63.4,9,47,47,21.6,6,1,8,60,7.5,4.6,25,0,1,0,1,3,2
2,jonathanstewart/949,2015,RB,Carolina Panthers,13,242,18.6,989,4.1,76.1,6,44,41,16.9,4,1,16,99,6.2,7.6,15,1,0,0,5,3,2
2,jonathanstewart/949,2014,RB,Carolina Panthers,13,175,13.5,809,4.6,62.2,3,69,42,24,4,1,25,181,7.2,13.9,22,1,1,0,7,2,1
3,jonathanstewart/949,2013,RB,Carolina Panthers,6,48,8,180,3.8,30,0,16,7,14.6,0,0,7,44,6.3,7.3,16,0,0,0,3,1,0
3,jonathanstewart/949,2012,RB,Carolina Panthers,9,93,10.3,336,3.6,37.3,1,21,14,15.1,2,0,17,157,9.2,17.4,30,1,1,0,5,2,0
0,jonathanstewart/949,2011,RB,Carolina Panthers,16,142,8.9,761,5.4,47.6,4,32,47,33.1,6,0,47,413,8.8,25.8,26,1,4,0,18,1,0
2,jonathanstewart/949,2010,RB,Carolina Panthers,14,178,12.7,770,4.3,55,2,48,32,18,5,2,8,103,12.9,7.4,55,1,1,1,2,4,4
4,jonathanstewart/949,2009,RB,Carolina Panthers,16,221,13.8,1133,5.1,70.8,10,67,54,24.4,11,3,18,139,7.7,8.7,19,1,0,0,7,3,2
2,jonathanstewart/949,2008,RB,Carolina Panthers,16,184,11.5,836,4.5,52.2,10,41,42,22.8,8,1,8,47,5.9,2.9,15,0,0,0,2,2,1
0,christhompson/2540011,2017,RB,Washington Redskins,10,64,6.4,294,4.6,29.4,2,61,11,17.2,1,1,39,510,13.1,51,74,4,9,2,22,3,2
0,christhompson/2540011,2016,RB,Washington Redskins,16,68,4.2,356,5.2,22.2,3,25,16,23.5,2,0,49,349,7.1,21.8,38,2,2,0,18,2,1
0,christhompson/2540011,2015,RB,Washington Redskins,13,35,2.7,216,6.2,16.6,0,42,7,20,3,1,35,240,6.9,18.5,23,2,1,0,14,2,0
1,christhompson/2540011,2014,RB,Washington Redskins,2,3,1.5,12,4,6,0,7,0,0,0,0,6,27,4.5,13.5,9,1,0,0,2,0,0
1,christhompson/2540011,2013,RB,Washington Redskins,4,0,0,0,0,0,0,0,0,0,0,0,0,0,0,0,0,0,0,0,0,0,0
3,fitzgeraldtoussaint/2550738,2017,RB,Pittsburgh Steelers,6,6,1,25,4.2,4.2,0,7,1,16.7,0,0,2,9,4.5,1.5,7,0,0,0,1,0,0
3,fitzgeraldtoussaint/2550738,2016,RB,Pittsburgh Steelers,16,14,0.9,58,4.1,3.6,0,16,2,14.3,0,0,3,33,11,2.1,15,0,0,0,2,0,0
1,fitzgeraldtoussaint/2550738,2015,RB,Pittsburgh Steelers,5,18,3.6,42,2.3,8.4,0,7,0,0,0,0,0,0,0,0,0,0,0,0,0,0,0
1,fitzgeraldtoussaint/2550738,2014,RB,Baltimore Ravens,4,6,1.5,12,2,3,0,12,1,16.7,0,0,3,27,9,6.8,15,0,0,0,1,0,0
3,robertturbin/2533460,2017,RB,Indianapolis Colts,6,23,3.8,53,2.3,8.8,1,7,9,39.1,0,0,9,56,6.2,9.3,16,0,0,0,3,0,0
3,robertturbin/2533460,2016,RB,Indianapolis Colts,15,47,3.1,164,3.5,10.9,7,18,20,42.6,0,0,26,179,6.9,11.9,19,1,0,0,9,0,0
3,robertturbin/2533460,2015,RB,Dallas Cowboys,7,32,4.6,139,4.3,19.9,1,22,7,21.9,1,0,5,15,3,2.1,15,0,0,0,0,0,0
1,robertturbin/2533460,2015,RB,Cleveland Browns,3,18,6,60,3.3,20,0,22,3,16.7,1,0,2,8,4,2.7,7,0,0,0,0,0,0
3,robertturbin/2533460,2014,RB,Seattle Seahawks,16,74,4.6,310,4.2,19.4,0,17,16,21.6,0,0,16,186,11.6,11.6,34,2,3,0,9,1,1
3,robertturbin/2533460,2013,RB,Seattle Seahawks,16,77,4.8,264,3.4,16.5,0,15,9,11.7,0,0,8,60,7.5,3.8,19,0,0,0,2,1,1
3,robertturbin/2533460,2012,RB,Seattle Seahawks,16,80,5,354,4.4,22.1,0,26,15,18.8,2,0,19,181,9.5,11.3,20,0,1,0,8,0,0
3,shanevereen/2495473,2017,RB,New York Giants,16,45,2.8,164,3.6,10.2,0,17,3,6.7,0,0,44,253,5.8,15.8,20,0,1,0,7,0,0
3,shanevereen/2495473,2016,RB,New York Giants,5,33,6.6,158,4.8,31.6,1,25,8,24.2,1,0,11,94,8.5,18.8,16,0,0,0,4,2,2
0,shanevereen/2495473,2015,RB,New York Giants,16,61,3.8,260,4.3,16.2,0,39,13,21.3,1,0,59,494,8.4,30.9,37,4,3,0,23,1,0
0,shanevereen/2495473,2014,RB,New England Patriots,16,96,6,391,4.1,24.4,2,19,15,15.6,0,0,52,447,8.6,27.9,49,3,4,1,24,0,0
0,shanevereen/2495473,2013,RB,New England Patriots,8,44,5.5,208,4.7,26,1,21,10,22.7,2,0,47,427,9.1,53.4,50,3,2,1,25,1,0
3,shanevereen/2495473,2012,RB,New England Patriots,13,62,4.8,251,4,19.3,3,16,15,24.2,0,0,8,149,18.6,11.5,83,1,1,1,6,1,1
1,shanevereen/2495473,2011,RB,New England Patriots,5,15,3,57,3.8,11.4,1,19,2,13.3,0,0,0,0,0,0,0,0,0,0,0,0,0
4,spencerware/2540204,2016,RB,Kansas City Chiefs,14,214,15.3,921,4.3,65.8,3,46,47,22,3,2,33,447,13.5,31.9,46,2,8,2,17,4,3
2,spencerware/2540204,2015,RB,Kansas City Chiefs,11,72,6.5,403,5.6,36.6,6,52,19,26.4,4,1,6,5,0.8,0.5,5,0,0,0,0,0,0
1,spencerware/2540204,2013,RB,Seattle Seahawks,2,3,1.5,10,3.3,5,0,5,1,33.3,0,0,0,0,0,0,0,0,0,0,0,0,0
3,deandrewashington/2555464,2017,RB,Oakland Raiders,15,57,3.8,153,2.7,10.2,2,11,9,15.8,0,0,34,197,5.8,13.1,15,1,0,0,14,2,1
2,deandrewashington/2555464,2016,RB,Oakland Raiders,14,87,6.2,467,5.4,33.4,2,30,19,21.8,7,0,17,115,6.8,8.2,18,0,0,0,4,1,1
1,dwaynewashington/2556118,2017,RB,Detroit Lions,5,20,4,44,2.2,8.8,0,6,1,5,0,0,2,14,7,2.8,10,0,0,0,1,0,0
3,dwaynewashington/2556118,2016,RB,Detroit Lions,12,90,7.5,265,2.9,22.1,1,28,11,12.2,1,0,10,62,6.2,5.2,11,0,0,0,5,0,0
3,charcandrickwest/2550268,2017,RB,Kansas City Chiefs,13,18,1.4,72,4,5.5,2,21,4,22.2,1,0,27,150,5.6,11.5,25,2,1,0,6,1,0
3,charcandrickwest/2550268,2016,RB,Kansas City Chiefs,15,88,5.9,293,3.3,19.5,1,28,14,15.9,2,0,28,188,6.7,12.5,28,2,2,0,10,0,0
2,charcandrickwest/2550268,2015,RB,Kansas City Chiefs,15,160,10.7,634,4,42.3,4,38,35,21.9,4,0,20,214,10.7,14.3,80,1,2,2,6,1,1
1,charcandrickwest/2550268,2014,RB,Kansas City Chiefs,6,0,0,0,0,0,0,0,0,0,0,0,0,0,0,0,0,0,0,0,0,0,0
3,terrancewest/2543664,2017,RB,Baltimore Ravens,5,39,7.8,138,3.5,27.6,2,13,11,28.2,0,0,2,23,11.5,4.6,15,0,0,0,2,1,1
2,terrancewest/2543664,2016,RB,Baltimore Ravens,16,193,12.1,774,4,48.4,5,41,35,18.1,5,1,34,236,6.9,14.8,17,1,0,0,11,2,0
3,terrancewest/2543664,2015,RB,Baltimore Ravens,6,46,7.7,180,3.9,30,0,17,8,17.4,0,0,4,21,5.3,3.5,8,0,0,0,0,0,0
1,terrancewest/2543664,2015,RB,Tennessee Titans,2,16,8,51,3.2,25.5,0,12,2,12.5,0,0,0,0,0,0,0,0,0,0,0,2,2
2,terrancewest/2543664,2014,RB,Cleveland Browns,14,171,12.2,673,3.9,48.1,4,36,30,17.5,4,0,11,64,5.8,4.6,11,1,0,0,3,2,1
0,jameswhite/2543773,2017,RB,New England Patriots,14,43,3.1,171,4,12.2,0,10,6,14,0,0,56,429,7.7,30.6,27,3,6,0,25,0,0
0,jameswhite/2543773,2016,RB,New England Patriots,16,39,2.4,166,4.3,10.4,0,16,8,20.5,0,0,60,551,9.2,34.4,61,5,5,1,26,0,0
0,jameswhite/2543773,2015,RB,New England Patriots,14,22,1.6,56,2.5,4,2,8,3,13.6,0,0,40,410,10.3,29.3,68,4,6,1,19,0,0
1,jameswhite/2543773,2014,RB,New England Patriots,3,9,3,38,4.2,12.7,0,11,1,11.1,0,0,5,23,4.6,7.7,11,0,0,0,1,0,0
3,fozzywhittaker/2540037,2017,RB,Carolina Panthers,12,7,0.6,18,2.6,1.5,0,8,2,28.6,0,0,5,47,9.4,3.9,28,1,1,0,1,0,0
3,fozzywhittaker/2540037,2016,RB,Carolina Panthers,16,57,3.6,265,4.6,16.6,0,25,10,17.5,1,0,25,226,9,14.1,25,0,3,0,10,1,1
3,fozzywhittaker/2540037,2015,RB,Carolina Panthers,15,25,1.7,108,4.3,7.2,1,16,7,28,0,0,12,64,5.3,4.3,15,0,0,0,2,0,0
3,fozzywhittaker/2540037,2014,RB,Carolina Panthers,10,32,3.2,145,4.5,14.5,1,17,8,25,0,0,5,60,12,6,26,1,2,0,2,0,0
3,fozzywhittaker/2540037,2013,RB,Cleveland Browns,11,28,2.5,79,2.8,7.2,0,11,3,10.7,0,0,21,155,7.4,14.1,35,2,1,0,6,0,0
1,fozzywhittaker/2540037,2013,RB,San Diego Chargers,3,0,0,0,0,0,0,0,0,0,0,0,0,0,0,0,0,0,0,0,0,1,0
1,brandonwilds/2556454,2016,RB,New York Jets,4,10,2.5,27,2.7,6.8,0,6,1,10,0,0,2,20,10,5,12,0,0,0,1,0,0
3,damienwilliams/2550512,2017,RB,Miami Dolphins,11,46,4.2,181,3.9,16.5,0,69,7,15.2,1,1,20,155,7.8,14.1,24,1,1,0,10,0,0
0,damienwilliams/2550512,2016,RB,Miami Dolphins,15,35,2.3,115,3.3,7.7,3,23,8,22.9,1,0,23,249,10.8,16.6,58,3,3,2,10,1,1
3,damienwilliams/2550512,2015,RB,Miami Dolphins,16,16,1,59,3.7,3.7,0,19,2,12.5,0,0,21,142,6.8,8.9,23,1,2,0,6,2,1
3,damienwilliams/2550512,2014,RB,Miami Dolphins,16,36,2.2,122,3.4,7.6,0,19,6,16.7,0,0,21,187,8.9,11.7,32,1,3,0,13,0,0
2,jamaalwilliams/2558204,2017,RB,Green Bay Packers,16,153,9.6,556,3.6,34.8,4,25,32,20.9,1,0,25,262,10.5,16.4,54,2,3,1,12,0,0
1,jonathanwilliams/2555227,2017,RB,New Orleans Saints,0,0,0,0,0,0,0,0,0,0,0,0,0,0,0,0,0,0,0,0,0,0,0
3,jonathanwilliams/2555227,2016,RB,Buffalo Bills,11,27,2.5,94,3.5,8.5,1,20,6,22.2,1,0,1,0,0,0,0,0,0,0,0,2,2
3,kerwynnwilliams/2539980,2017,RB,Arizona Cardinals,16,120,7.5,426,3.6,26.6,1,25,20,16.7,2,0,10,93,9.3,5.8,25,0,1,0,6,0,0
3,kerwynnwilliams/2539980,2016,RB,Arizona Cardinals,10,18,1.8,157,8.7,15.7,2,49,8,44.4,3,1,1,6,6,0.6,6,0,0,0,0,0,0
3,kerwynnwilliams/2539980,2015,RB,Arizona Cardinals,6,27,4.5,142,5.3,23.7,1,35,6,22.2,1,0,2,16,8,2.7,12,0,0,0,1,1,1
3,kerwynnwilliams/2539980,2014,RB,Arizona Cardinals,5,53,10.6,246,4.6,49.2,0,19,11,20.8,0,0,2,11,5.5,2.2,6,0,0,0,0,1,0
1,kerwynnwilliams/2539980,2013,RB,Indianapolis Colts,1,0,0,0,0,0,0,0,0,0,0,0,0,0,0,0,0,0,0,0,0,0,0
1,treywilliams/2553486,2017,RB,Dallas Cowboys,0,0,0,0,0,0,0,0,0,0,0,0,0,0,0,0,0,0,0,0,0,0,0
3,treywilliams/2553486,2015,RB,Indianapolis Colts,2,2,1,12,6,6,0,12,1,50,0,0,0,0,0,0,0,0,0,0,0,0,0
1,treywilliams/2553486,2015,RB,New England Patriots,0,0,0,0,0,0,0,0,0,0,0,0,0,0,0,0,0,0,0,0,0,0,0
1,treywilliams/2553486,2015,RB,Dallas Cowboys,0,0,0,0,0,0,0,0,0,0,0,0,0,0,0,0,0,0,0,0,0,0,0
3,t.j.yeldon/2552471,2017,RB,Jacksonville Jaguars,10,49,4.9,253,5.2,25.3,2,58,7,14.3,2,1,30,224,7.5,22.4,20,0,1,0,14,2,1
0,t.j.yeldon/2552471,2016,RB,Jacksonville Jaguars,15,130,8.7,465,3.6,31,1,16,21,16.2,0,0,50,312,6.2,20.8,17,1,0,0,16,2,1
2,t.j.yeldon/2552471,2015,RB,Jacksonville Jaguars,12,182,15.2,740,4.1,61.7,2,45,25,13.7,4,1,36,279,7.8,23.2,67,1,3,1,14,0,0
1,zachzenner/2553631,2017,RB,Detroit Lions,8,14,1.8,26,1.9,3.2,1,14,2,14.3,0,0,0,0,0,0,0,0,0,0,0,0,0
3,zachzenner/2553631,2016,RB,Detroit Lions,14,88,6.3,334,3.8,23.9,4,20,22,25,1,0,18,196,10.9,14,33,0,2,0,9,1,1
1,zachzenner/2553631,2015,RB,Detroit Lions,6,17,2.8,60,3.5,10,0,12,1,5.9,0,0,2,11,5.5,1.8,7,0,0,0,0,0,0